INSERT INTO Player (PlayerID, Username, registration_date, email_address, Wins, Losses, Draws) VALUES (1, 'ashleymcclain', '2023-08-31 00:00:00', 'grantwarren@gmail.com', 32, 86, 9);
INSERT INTO Player (PlayerID, Username, registration_date, email_address, Wins, Losses, Draws) VALUES (2, 'benjamin00', '2025-01-27 00:00:00', 'timothydavis@scott.biz', 56, 75, 46);
INSERT INTO Player (PlayerID, Username, registration_date, email_address, Wins, Losses, Draws) VALUES (3, 'ushelton', '2024-01-04 00:00:00', 'tinarogers@hotmail.com', 24, 8, 43);
INSERT INTO Player (PlayerID, Username, registration_date, email_address, Wins, Losses, Draws) VALUES (4, 'rebecca16', '2025-03-13 00:00:00', 'christine87@harris.com', 96, 74, 30);
INSERT INTO Player (PlayerID, Username, registration_date, email_address, Wins, Losses, Draws) VALUES (5, 'kathleencarson', '2023-12-07 00:00:00', 'chantracey@carpenter.com', 73, 1, 23);
INSERT INTO Player (PlayerID, Username, registration_date, email_address, Wins, Losses, Draws) VALUES (6, 'townsendmary', '2024-02-24 00:00:00', 'megan13@yahoo.com', 85, 84, 9);
INSERT INTO Player (PlayerID, Username, registration_date, email_address, Wins, Losses, Draws) VALUES (7, 'yrobertson', '2025-01-25 00:00:00', 'fsmith@yahoo.com', 43, 93, 49);
INSERT INTO Player (PlayerID, Username, registration_date, email_address, Wins, Losses, Draws) VALUES (8, 'andersonsabrina', '2023-05-16 00:00:00', 'mckinneycheryl@garcia-lawson.net', 45, 35, 15);
INSERT INTO Player (PlayerID, Username, registration_date, email_address, Wins, Losses, Draws) VALUES (9, 'caseycastillo', '2024-01-28 00:00:00', 'ejones@rose-ashley.com', 77, 6, 25);
INSERT INTO Player (PlayerID, Username, registration_date, email_address, Wins, Losses, Draws) VALUES (10, 'jeffreynixon', '2023-04-10 00:00:00', 'vjordan@hotmail.com', 15, 51, 50);
INSERT INTO Player (PlayerID, Username, registration_date, email_address, Wins, Losses, Draws) VALUES (11, 'carolinebates', '2023-04-06 00:00:00', 'rogersrebecca@rodriguez.org', 91, 79, 19);
INSERT INTO Player (PlayerID, Username, registration_date, email_address, Wins, Losses, Draws) VALUES (12, 'etucker', '2024-05-12 00:00:00', 'ksmith@fuller.com', 40, 18, 28);
INSERT INTO Player (PlayerID, Username, registration_date, email_address, Wins, Losses, Draws) VALUES (13, 'angeldavis', '2023-05-15 00:00:00', 'dbryant@yahoo.com', 99, 83, 33);
INSERT INTO Player (PlayerID, Username, registration_date, email_address, Wins, Losses, Draws) VALUES (14, 'bensonrobin', '2023-05-14 00:00:00', 'hannahowens@gmail.com', 14, 85, 32);
INSERT INTO Player (PlayerID, Username, registration_date, email_address, Wins, Losses, Draws) VALUES (15, 'christopherwatts', '2024-07-10 00:00:00', 'vanessa75@gmail.com', 2, 93, 45);
INSERT INTO Player (PlayerID, Username, registration_date, email_address, Wins, Losses, Draws) VALUES (16, 'rsmith', '2024-03-19 00:00:00', 'ymitchell@gmail.com', 28, 69, 4);
INSERT INTO Player (PlayerID, Username, registration_date, email_address, Wins, Losses, Draws) VALUES (17, 'christopherwilliamson', '2024-09-29 00:00:00', 'nwalsh@hotmail.com', 84, 99, 48);
INSERT INTO Player (PlayerID, Username, registration_date, email_address, Wins, Losses, Draws) VALUES (18, 'whoward', '2023-11-21 00:00:00', 'christopher77@yahoo.com', 71, 27, 17);
INSERT INTO Player (PlayerID, Username, registration_date, email_address, Wins, Losses, Draws) VALUES (19, 'xmoore', '2024-02-12 00:00:00', 'denise99@yahoo.com', 16, 39, 17);
INSERT INTO Player (PlayerID, Username, registration_date, email_address, Wins, Losses, Draws) VALUES (20, 'warrenkaitlyn', '2024-03-14 00:00:00', 'pgalvan@raymond.com', 83, 6, 1);




INSERT INTO Rank (RankID, Rank_name) VALUES (1, 'Bronze');
INSERT INTO Rank (RankID, Rank_name) VALUES (2, 'Silver');
INSERT INTO Rank (RankID, Rank_name) VALUES (3, 'Gold');
INSERT INTO Rank (RankID, Rank_name) VALUES (4, 'Platinum');
INSERT INTO Rank (RankID, Rank_name) VALUES (5, 'Diamond');
INSERT INTO Rank (RankID, Rank_name) VALUES (6, 'Master');
INSERT INTO Rank (RankID, Rank_name) VALUES (7, 'Grandmaster');


INSERT INTO RankDecider (Wins, Losses, RankID) VALUES (10, 30, 1);
INSERT INTO RankDecider (Wins, Losses, RankID) VALUES (20, 25, 2);
INSERT INTO RankDecider (Wins, Losses, RankID) VALUES (30, 20, 3);
INSERT INTO RankDecider (Wins, Losses, RankID) VALUES (40, 15, 4);
INSERT INTO RankDecider (Wins, Losses, RankID) VALUES (50, 10, 5);
INSERT INTO RankDecider (Wins, Losses, RankID) VALUES (60, 5, 6);
INSERT INTO RankDecider (Wins, Losses, RankID) VALUES (70, 0, 7);


INSERT INTO PaidPlayer (PlayerID, Show_statistics, Show_features, HasPaidPlayerBadge) VALUES (1, 1, 1, 1);
INSERT INTO PaidPlayer (PlayerID, Show_statistics, Show_features, HasPaidPlayerBadge) VALUES (2, 1, 1, 1);
INSERT INTO PaidPlayer (PlayerID, Show_statistics, Show_features, HasPaidPlayerBadge) VALUES (3, 1, 1, 1);
INSERT INTO PaidPlayer (PlayerID, Show_statistics, Show_features, HasPaidPlayerBadge) VALUES (10, 1, 1, 1);
INSERT INTO PaidPlayer (PlayerID, Show_statistics, Show_features, HasPaidPlayerBadge) VALUES (11, 1, 1, 1);
INSERT INTO PaidPlayer (PlayerID, Show_statistics, Show_features, HasPaidPlayerBadge) VALUES (12, 1, 1, 1);
INSERT INTO PaidPlayer (PlayerID, Show_statistics, Show_features, HasPaidPlayerBadge) VALUES (13, 1, 1, 1);
INSERT INTO PaidPlayer (PlayerID, Show_statistics, Show_features, HasPaidPlayerBadge) VALUES (19, 1, 1, 1);
INSERT INTO PaidPlayer (PlayerID, Show_statistics, Show_features, HasPaidPlayerBadge) VALUES (20, 1, 1, 1);

INSERT INTO BanStatus (Ban_status_ID, description) VALUES (1, 'No Ban');
INSERT INTO BanStatus (Ban_status_ID, description) VALUES (2, 'Warning');
INSERT INTO BanStatus (Ban_status_ID, description) VALUES (3, 'Temporary Ban');
INSERT INTO BanStatus (Ban_status_ID, description) VALUES (4, 'Permanent Ban');


INSERT INTO BanDecider (Wins, Losses, Draws, Ban_status_ID) VALUES (66, 98, 34, 1);
INSERT INTO BanDecider (Wins, Losses, Draws, Ban_status_ID) VALUES (44, 9, 17, 2);
INSERT INTO BanDecider (Wins, Losses, Draws, Ban_status_ID) VALUES (92, 29, 45, 3);
INSERT INTO BanDecider (Wins, Losses, Draws, Ban_status_ID) VALUES (68, 100, 0, 4);


INSERT INTO Session (SessionID, Session_start, Session_end) VALUES (1, '2024-10-23 08:25:29', '2024-10-23 12:25:29');
INSERT INTO Session (SessionID, Session_start, Session_end) VALUES (2, '2025-01-27 04:02:45', '2025-01-27 09:02:45');
INSERT INTO Session (SessionID, Session_start, Session_end) VALUES (3, '2024-08-15 08:37:04', '2024-08-15 13:37:04');
INSERT INTO Session (SessionID, Session_start, Session_end) VALUES (4, '2024-09-20 19:00:27', '2024-09-20 22:00:27');
INSERT INTO Session (SessionID, Session_start, Session_end) VALUES (5, '2024-12-09 03:57:49', '2024-12-09 07:57:49');
INSERT INTO Session (SessionID, Session_start, Session_end) VALUES (6, '2024-09-30 16:47:17', '2024-09-30 20:47:17');
INSERT INTO Session (SessionID, Session_start, Session_end) VALUES (7, '2024-12-30 02:15:21', '2024-12-30 05:15:21');
INSERT INTO Session (SessionID, Session_start, Session_end) VALUES (8, '2024-07-09 13:34:04', '2024-07-09 17:34:04');
INSERT INTO Session (SessionID, Session_start, Session_end) VALUES (9, '2024-08-14 09:05:32', '2024-08-14 14:05:32');
INSERT INTO Session (SessionID, Session_start, Session_end) VALUES (10, '2024-10-29 10:39:50', '2024-10-29 14:39:50');


INSERT INTO Game (GameID, Game_start, Game_end, White, Black, ResultID) VALUES ('GameID', 'Game_start', 'Game_end', 'White', 'Black', 'ResultID');
INSERT INTO Game (GameID, Game_start, Game_end, White, Black, ResultID) VALUES (1, 2024-11-02 06:41:21, 2024-11-02 08:49:21, 6, 10, 1);
INSERT INTO Game (GameID, Game_start, Game_end, White, Black, ResultID) VALUES (2, 2024-12-19 05:29:52, 2024-12-19 07:30:52, 18, 19, 2);
INSERT INTO Game (GameID, Game_start, Game_end, White, Black, ResultID) VALUES (3, 2024-06-06 10:42:50, 2024-06-06 12:51:50, 16, 6, 3);
INSERT INTO Game (GameID, Game_start, Game_end, White, Black, ResultID) VALUES (4, 2024-10-23 08:52:43, 2024-10-23 09:41:43, 8, 18, 4);
INSERT INTO Game (GameID, Game_start, Game_end, White, Black, ResultID) VALUES (5, 2024-11-29 18:29:50, 2024-11-29 21:21:50, 4, 6, 5);
INSERT INTO Game (GameID, Game_start, Game_end, White, Black, ResultID) VALUES (6, 2024-07-25 18:48:02, 2024-07-25 19:34:02, 10, 16, 6);
INSERT INTO Game (GameID, Game_start, Game_end, White, Black, ResultID) VALUES (7, 2024-10-08 11:49:36, 2024-10-08 13:35:36, 17, 9, 7);
INSERT INTO Game (GameID, Game_start, Game_end, White, Black, ResultID) VALUES (8, 2024-06-28 08:05:56, 2024-06-28 10:49:56, 6, 5, 8);
INSERT INTO Game (GameID, Game_start, Game_end, White, Black, ResultID) VALUES (9, 2025-02-21 13:59:02, 2025-02-21 14:44:02, 17, 12, 9);
INSERT INTO Game (GameID, Game_start, Game_end, White, Black, ResultID) VALUES (10, 2024-04-23 14:20:03, 2024-04-23 17:01:03, 3, 16, 10);
INSERT INTO Game (GameID, Game_start, Game_end, White, Black, ResultID) VALUES (11, 2024-10-12 05:25:46, 2024-10-12 07:57:46, 6, 14, 11);
INSERT INTO Game (GameID, Game_start, Game_end, White, Black, ResultID) VALUES (12, 2025-01-20 07:37:08, 2025-01-20 08:27:08, 2, 17, 12);
INSERT INTO Game (GameID, Game_start, Game_end, White, Black, ResultID) VALUES (13, 2024-09-30 10:14:01, 2024-09-30 10:51:01, 16, 11, 13);
INSERT INTO Game (GameID, Game_start, Game_end, White, Black, ResultID) VALUES (14, 2024-10-03 14:36:47, 2024-10-03 15:13:47, 15, 9, 14);
INSERT INTO Game (GameID, Game_start, Game_end, White, Black, ResultID) VALUES (15, 2024-09-16 03:39:12, 2024-09-16 04:29:12, 3, 9, 15);
INSERT INTO Game (GameID, Game_start, Game_end, White, Black, ResultID) VALUES (16, 2024-06-11 18:32:27, 2024-06-11 20:44:27, 17, 4, 16);
INSERT INTO Game (GameID, Game_start, Game_end, White, Black, ResultID) VALUES (17, 2024-09-05 11:54:48, 2024-09-05 13:53:48, 1, 2, 17);
INSERT INTO Game (GameID, Game_start, Game_end, White, Black, ResultID) VALUES (18, 2024-10-12 08:58:29, 2024-10-12 11:26:29, 3, 16, 18);
INSERT INTO Game (GameID, Game_start, Game_end, White, Black, ResultID) VALUES (19, 2024-04-03 10:13:59, 2024-04-03 10:44:59, 20, 3, 19);
INSERT INTO Game (GameID, Game_start, Game_end, White, Black, ResultID) VALUES (20, 2024-09-27 03:03:41, 2024-09-27 03:39:41, 17, 5, 20);


INSERT INTO Result (ResultID, result_description) VALUES (1, '1-0');
INSERT INTO Result (ResultID, result_description) VALUES (2, '0-1');
INSERT INTO Result (ResultID, result_description) VALUES (3, '1/2-1/2');
INSERT INTO Result (ResultID, result_description) VALUES (4, '1-0');
INSERT INTO Result (ResultID, result_description) VALUES (5, '0-1');
INSERT INTO Result (ResultID, result_description) VALUES (6, '1/2-1/2');
INSERT INTO Result (ResultID, result_description) VALUES (7, '1-0');
INSERT INTO Result (ResultID, result_description) VALUES (8, '0-1');
INSERT INTO Result (ResultID, result_description) VALUES (9, '1/2-1/2');
INSERT INTO Result (ResultID, result_description) VALUES (10, '1-0');
INSERT INTO Result (ResultID, result_description) VALUES (11, '0-1');
INSERT INTO Result (ResultID, result_description) VALUES (12, '1/2-1/2');
INSERT INTO Result (ResultID, result_description) VALUES (13, '1-0');
INSERT INTO Result (ResultID, result_description) VALUES (14, '0-1');
INSERT INTO Result (ResultID, result_description) VALUES (15, '1/2-1/2');
INSERT INTO Result (ResultID, result_description) VALUES (16, '1-0');
INSERT INTO Result (ResultID, result_description) VALUES (17, '0-1');
INSERT INTO Result (ResultID, result_description) VALUES (18, '1/2-1/2');
INSERT INTO Result (ResultID, result_description) VALUES (19, '1-0');
INSERT INTO Result (ResultID, result_description) VALUES (20, '0-1');


INSERT INTO GameComment (CommentID, GameID, PlayerID, Comment) VALUES (1, 1, 12, 'waiting to be commented');
INSERT INTO GameComment (CommentID, GameID, PlayerID, Comment) VALUES (2, 11, 15, 'waiting to be commented');
INSERT INTO GameComment (CommentID, GameID, PlayerID, Comment) VALUES (3, 8, 11, 'waiting to be commented');
INSERT INTO GameComment (CommentID, GameID, PlayerID, Comment) VALUES (4, 12, 1, 'waiting to be commented');
INSERT INTO GameComment (CommentID, GameID, PlayerID, Comment) VALUES (5, 11, 4, 'waiting to be commented');
INSERT INTO GameComment (CommentID, GameID, PlayerID, Comment) VALUES (6, 9, 10, 'waiting to be commented');
INSERT INTO GameComment (CommentID, GameID, PlayerID, Comment) VALUES (7, 18, 8, 'waiting to be commented');
INSERT INTO GameComment (CommentID, GameID, PlayerID, Comment) VALUES (8, 19, 4, 'waiting to be commented');
INSERT INTO GameComment (CommentID, GameID, PlayerID, Comment) VALUES (9, 11, 5, 'waiting to be commented');
INSERT INTO GameComment (CommentID, GameID, PlayerID, Comment) VALUES (10, 8, 6, 'waiting to be commented');
INSERT INTO GameComment (CommentID, GameID, PlayerID, Comment) VALUES (11, 3, 11, 'waiting to be commented');
INSERT INTO GameComment (CommentID, GameID, PlayerID, Comment) VALUES (12, 5, 3, 'waiting to be commented');
INSERT INTO GameComment (CommentID, GameID, PlayerID, Comment) VALUES (13, 1, 9, 'waiting to be commented');
INSERT INTO GameComment (CommentID, GameID, PlayerID, Comment) VALUES (14, 1, 12, 'waiting to be commented');
INSERT INTO GameComment (CommentID, GameID, PlayerID, Comment) VALUES (15, 8, 14, 'waiting to be commented');
INSERT INTO GameComment (CommentID, GameID, PlayerID, Comment) VALUES (16, 10, 19, 'waiting to be commented');
INSERT INTO GameComment (CommentID, GameID, PlayerID, Comment) VALUES (17, 12, 15, 'waiting to be commented');
INSERT INTO GameComment (CommentID, GameID, PlayerID, Comment) VALUES (18, 14, 20, 'waiting to be commented');
INSERT INTO GameComment (CommentID, GameID, PlayerID, Comment) VALUES (19, 11, 6, 'waiting to be commented');
INSERT INTO GameComment (CommentID, GameID, PlayerID, Comment) VALUES (20, 6, 4, 'waiting to be commented');
INSERT INTO GameComment (CommentID, GameID, PlayerID, Comment) VALUES (21, 10, 14, 'waiting to be commented');
INSERT INTO GameComment (CommentID, GameID, PlayerID, Comment) VALUES (22, 16, 16, 'waiting to be commented');
INSERT INTO GameComment (CommentID, GameID, PlayerID, Comment) VALUES (23, 18, 1, 'waiting to be commented');
INSERT INTO GameComment (CommentID, GameID, PlayerID, Comment) VALUES (24, 4, 13, 'waiting to be commented');
INSERT INTO GameComment (CommentID, GameID, PlayerID, Comment) VALUES (25, 17, 4, 'waiting to be commented');
INSERT INTO GameComment (CommentID, GameID, PlayerID, Comment) VALUES (26, 15, 11, 'waiting to be commented');
INSERT INTO GameComment (CommentID, GameID, PlayerID, Comment) VALUES (27, 7, 12, 'waiting to be commented');
INSERT INTO GameComment (CommentID, GameID, PlayerID, Comment) VALUES (28, 16, 13, 'waiting to be commented');
INSERT INTO GameComment (CommentID, GameID, PlayerID, Comment) VALUES (29, 2, 6, 'waiting to be commented');
INSERT INTO GameComment (CommentID, GameID, PlayerID, Comment) VALUES (30, 20, 16, 'waiting to be commented');
INSERT INTO GameComment (CommentID, GameID, PlayerID, Comment) VALUES (31, 13, 15, 'waiting to be commented');
INSERT INTO GameComment (CommentID, GameID, PlayerID, Comment) VALUES (32, 15, 4, 'waiting to be commented');
INSERT INTO GameComment (CommentID, GameID, PlayerID, Comment) VALUES (33, 9, 13, 'waiting to be commented');
INSERT INTO GameComment (CommentID, GameID, PlayerID, Comment) VALUES (34, 17, 8, 'waiting to be commented');
INSERT INTO GameComment (CommentID, GameID, PlayerID, Comment) VALUES (35, 4, 4, 'waiting to be commented');
INSERT INTO GameComment (CommentID, GameID, PlayerID, Comment) VALUES (36, 18, 6, 'waiting to be commented');
INSERT INTO GameComment (CommentID, GameID, PlayerID, Comment) VALUES (37, 3, 5, 'waiting to be commented');
INSERT INTO GameComment (CommentID, GameID, PlayerID, Comment) VALUES (38, 6, 14, 'waiting to be commented');
INSERT INTO GameComment (CommentID, GameID, PlayerID, Comment) VALUES (39, 12, 11, 'waiting to be commented');
INSERT INTO GameComment (CommentID, GameID, PlayerID, Comment) VALUES (40, 8, 12, 'waiting to be commented');



INSERT INTO PlayerGameSession (PlayerID, GameID, SessionID) VALUES (1, 1, 7);
INSERT INTO PlayerGameSession (PlayerID, GameID, SessionID) VALUES (1, 16, 1);
INSERT INTO PlayerGameSession (PlayerID, GameID, SessionID) VALUES (1, 19, 5);
INSERT INTO PlayerGameSession (PlayerID, GameID, SessionID) VALUES (1, 18, 2);
INSERT INTO PlayerGameSession (PlayerID, GameID, SessionID) VALUES (2, 11, 9);
INSERT INTO PlayerGameSession (PlayerID, GameID, SessionID) VALUES (2, 6, 6);
INSERT INTO PlayerGameSession (PlayerID, GameID, SessionID) VALUES (3, 6, 7);
INSERT INTO PlayerGameSession (PlayerID, GameID, SessionID) VALUES (3, 19, 8);
INSERT INTO PlayerGameSession (PlayerID, GameID, SessionID) VALUES (3, 12, 6);
INSERT INTO PlayerGameSession (PlayerID, GameID, SessionID) VALUES (3, 18, 1);
INSERT INTO PlayerGameSession (PlayerID, GameID, SessionID) VALUES (4, 15, 8);
INSERT INTO PlayerGameSession (PlayerID, GameID, SessionID) VALUES (4, 17, 7);
INSERT INTO PlayerGameSession (PlayerID, GameID, SessionID) VALUES (4, 17, 8);
INSERT INTO PlayerGameSession (PlayerID, GameID, SessionID) VALUES (4, 15, 1);
INSERT INTO PlayerGameSession (PlayerID, GameID, SessionID) VALUES (5, 14, 7);
INSERT INTO PlayerGameSession (PlayerID, GameID, SessionID) VALUES (5, 2, 2);
INSERT INTO PlayerGameSession (PlayerID, GameID, SessionID) VALUES (5, 20, 5);
INSERT INTO PlayerGameSession (PlayerID, GameID, SessionID) VALUES (5, 19, 3);
INSERT INTO PlayerGameSession (PlayerID, GameID, SessionID) VALUES (5, 14, 3);
INSERT INTO PlayerGameSession (PlayerID, GameID, SessionID) VALUES (6, 2, 6);
INSERT INTO PlayerGameSession (PlayerID, GameID, SessionID) VALUES (6, 4, 3);
INSERT INTO PlayerGameSession (PlayerID, GameID, SessionID) VALUES (6, 3, 9);
INSERT INTO PlayerGameSession (PlayerID, GameID, SessionID) VALUES (6, 12, 2);
INSERT INTO PlayerGameSession (PlayerID, GameID, SessionID) VALUES (6, 11, 3);
INSERT INTO PlayerGameSession (PlayerID, GameID, SessionID) VALUES (7, 11, 1);
INSERT INTO PlayerGameSession (PlayerID, GameID, SessionID) VALUES (7, 3, 2);
INSERT INTO PlayerGameSession (PlayerID, GameID, SessionID) VALUES (8, 18, 4);
INSERT INTO PlayerGameSession (PlayerID, GameID, SessionID) VALUES (9, 16, 10);
INSERT INTO PlayerGameSession (PlayerID, GameID, SessionID) VALUES (9, 17, 4);
INSERT INTO PlayerGameSession (PlayerID, GameID, SessionID) VALUES (9, 3, 7);
INSERT INTO PlayerGameSession (PlayerID, GameID, SessionID) VALUES (9, 14, 7);
INSERT INTO PlayerGameSession (PlayerID, GameID, SessionID) VALUES (9, 13, 7);
INSERT INTO PlayerGameSession (PlayerID, GameID, SessionID) VALUES (10, 5, 5);
INSERT INTO PlayerGameSession (PlayerID, GameID, SessionID) VALUES (10, 20, 5);
INSERT INTO PlayerGameSession (PlayerID, GameID, SessionID) VALUES (11, 16, 7);
INSERT INTO PlayerGameSession (PlayerID, GameID, SessionID) VALUES (11, 17, 7);
INSERT INTO PlayerGameSession (PlayerID, GameID, SessionID) VALUES (11, 2, 6);
INSERT INTO PlayerGameSession (PlayerID, GameID, SessionID) VALUES (11, 18, 3);
INSERT INTO PlayerGameSession (PlayerID, GameID, SessionID) VALUES (12, 6, 4);
INSERT INTO PlayerGameSession (PlayerID, GameID, SessionID) VALUES (12, 16, 1);
INSERT INTO PlayerGameSession (PlayerID, GameID, SessionID) VALUES (12, 6, 3);
INSERT INTO PlayerGameSession (PlayerID, GameID, SessionID) VALUES (12, 4, 7);
INSERT INTO PlayerGameSession (PlayerID, GameID, SessionID) VALUES (13, 13, 3);
INSERT INTO PlayerGameSession (PlayerID, GameID, SessionID) VALUES (13, 20, 7);
INSERT INTO PlayerGameSession (PlayerID, GameID, SessionID) VALUES (13, 4, 10);
INSERT INTO PlayerGameSession (PlayerID, GameID, SessionID) VALUES (13, 19, 7);
INSERT INTO PlayerGameSession (PlayerID, GameID, SessionID) VALUES (14, 2, 4);
INSERT INTO PlayerGameSession (PlayerID, GameID, SessionID) VALUES (14, 2, 7);
INSERT INTO PlayerGameSession (PlayerID, GameID, SessionID) VALUES (14, 17, 2);
INSERT INTO PlayerGameSession (PlayerID, GameID, SessionID) VALUES (15, 11, 2);
INSERT INTO PlayerGameSession (PlayerID, GameID, SessionID) VALUES (15, 18, 4);
INSERT INTO PlayerGameSession (PlayerID, GameID, SessionID) VALUES (16, 5, 1);
INSERT INTO PlayerGameSession (PlayerID, GameID, SessionID) VALUES (16, 14, 5);
INSERT INTO PlayerGameSession (PlayerID, GameID, SessionID) VALUES (16, 4, 6);
INSERT INTO PlayerGameSession (PlayerID, GameID, SessionID) VALUES (16, 8, 7);
INSERT INTO PlayerGameSession (PlayerID, GameID, SessionID) VALUES (16, 19, 5);
INSERT INTO PlayerGameSession (PlayerID, GameID, SessionID) VALUES (17, 16, 4);
INSERT INTO PlayerGameSession (PlayerID, GameID, SessionID) VALUES (17, 20, 5);
INSERT INTO PlayerGameSession (PlayerID, GameID, SessionID) VALUES (18, 1, 1);
INSERT INTO PlayerGameSession (PlayerID, GameID, SessionID) VALUES (18, 1, 4);
INSERT INTO PlayerGameSession (PlayerID, GameID, SessionID) VALUES (18, 18, 2);
INSERT INTO PlayerGameSession (PlayerID, GameID, SessionID) VALUES (18, 12, 4);
INSERT INTO PlayerGameSession (PlayerID, GameID, SessionID) VALUES (18, 15, 10);
INSERT INTO PlayerGameSession (PlayerID, GameID, SessionID) VALUES (19, 5, 10);
INSERT INTO PlayerGameSession (PlayerID, GameID, SessionID) VALUES (20, 7, 2);
INSERT INTO PlayerGameSession (PlayerID, GameID, SessionID) VALUES (20, 12, 3);
INSERT INTO PlayerGameSession (PlayerID, GameID, SessionID) VALUES (20, 9, 4);



INSERT INTO Action (GameID, MoveNumber, Move, time_stamp) VALUES (1, 1, 'c4', '2025-01-16 12:44:19');
INSERT INTO Action (GameID, MoveNumber, Move, time_stamp) VALUES (1, 2, 'd4', '2025-03-01 05:53:50');
INSERT INTO Action (GameID, MoveNumber, Move, time_stamp) VALUES (1, 3, 'e4', '2024-05-17 20:16:27');
INSERT INTO Action (GameID, MoveNumber, Move, time_stamp) VALUES (1, 4, 'Nf3', '2024-07-27 23:34:54');
INSERT INTO Action (GameID, MoveNumber, Move, time_stamp) VALUES (1, 5, 'e4', '2025-03-07 13:08:58');
INSERT INTO Action (GameID, MoveNumber, Move, time_stamp) VALUES (1, 6, 'c4', '2025-02-03 14:33:02');
INSERT INTO Action (GameID, MoveNumber, Move, time_stamp) VALUES (1, 7, 'c4', '2025-02-22 06:21:34');
INSERT INTO Action (GameID, MoveNumber, Move, time_stamp) VALUES (1, 8, 'd4', '2025-01-09 08:47:32');
INSERT INTO Action (GameID, MoveNumber, Move, time_stamp) VALUES (1, 9, 'e4', '2024-11-29 19:34:41');
INSERT INTO Action (GameID, MoveNumber, Move, time_stamp) VALUES (1, 10, 'e4', '2025-02-20 07:56:14');
INSERT INTO Action (GameID, MoveNumber, Move, time_stamp) VALUES (2, 1, 'e4', '2025-01-07 04:59:01');
INSERT INTO Action (GameID, MoveNumber, Move, time_stamp) VALUES (2, 2, 'd4', '2025-01-27 03:28:08');
INSERT INTO Action (GameID, MoveNumber, Move, time_stamp) VALUES (2, 3, 'c4', '2024-05-26 05:44:23');
INSERT INTO Action (GameID, MoveNumber, Move, time_stamp) VALUES (2, 4, 'd4', '2024-09-04 21:48:34');
INSERT INTO Action (GameID, MoveNumber, Move, time_stamp) VALUES (2, 5, 'c4', '2024-11-08 06:21:22');
INSERT INTO Action (GameID, MoveNumber, Move, time_stamp) VALUES (2, 6, 'Nf3', '2025-02-21 17:56:17');
INSERT INTO Action (GameID, MoveNumber, Move, time_stamp) VALUES (2, 7, 'd4', '2024-06-13 15:12:48');
INSERT INTO Action (GameID, MoveNumber, Move, time_stamp) VALUES (2, 8, 'c4', '2024-10-21 02:31:58');
INSERT INTO Action (GameID, MoveNumber, Move, time_stamp) VALUES (2, 9, 'd4', '2024-11-02 06:13:47');
INSERT INTO Action (GameID, MoveNumber, Move, time_stamp) VALUES (2, 10, 'd4', '2024-05-16 00:43:21');
INSERT INTO Action (GameID, MoveNumber, Move, time_stamp) VALUES (2, 11, 'Re1', '2024-06-27 08:49:20');
INSERT INTO Action (GameID, MoveNumber, Move, time_stamp) VALUES (2, 12, 'Qd2', '2024-03-25 20:17:54');
INSERT INTO Action (GameID, MoveNumber, Move, time_stamp) VALUES (3, 1, 'e4', '2024-10-09 00:58:04');
INSERT INTO Action (GameID, MoveNumber, Move, time_stamp) VALUES (3, 2, 'Nf3', '2024-12-08 19:21:16');
INSERT INTO Action (GameID, MoveNumber, Move, time_stamp) VALUES (3, 3, 'Nf3', '2024-04-25 08:07:06');
INSERT INTO Action (GameID, MoveNumber, Move, time_stamp) VALUES (3, 4, 'c4', '2024-09-25 13:00:07');
INSERT INTO Action (GameID, MoveNumber, Move, time_stamp) VALUES (3, 5, 'd4', '2025-01-09 21:14:55');
INSERT INTO Action (GameID, MoveNumber, Move, time_stamp) VALUES (3, 6, 'Nf3', '2024-12-05 00:35:24');
INSERT INTO Action (GameID, MoveNumber, Move, time_stamp) VALUES (3, 7, 'Nf3', '2024-04-14 14:18:24');
INSERT INTO Action (GameID, MoveNumber, Move, time_stamp) VALUES (3, 8, 'Nf3', '2024-05-22 04:18:28');
INSERT INTO Action (GameID, MoveNumber, Move, time_stamp) VALUES (3, 9, 'e4', '2024-09-25 00:33:13');
INSERT INTO Action (GameID, MoveNumber, Move, time_stamp) VALUES (3, 10, 'c4', '2024-06-09 05:31:41');
INSERT INTO Action (GameID, MoveNumber, Move, time_stamp) VALUES (3, 11, 'Qd2', '2024-12-15 14:54:49');
INSERT INTO Action (GameID, MoveNumber, Move, time_stamp) VALUES (3, 12, 'Nc3', '2024-05-24 23:03:37');
INSERT INTO Action (GameID, MoveNumber, Move, time_stamp) VALUES (3, 13, 'f4', '2024-07-05 12:52:52');
INSERT INTO Action (GameID, MoveNumber, Move, time_stamp) VALUES (3, 14, 'a3', '2024-03-19 10:18:27');
INSERT INTO Action (GameID, MoveNumber, Move, time_stamp) VALUES (3, 15, 'O-O', '2024-11-16 04:39:40');
INSERT INTO Action (GameID, MoveNumber, Move, time_stamp) VALUES (3, 16, 'h3', '2024-09-17 00:54:07');
INSERT INTO Action (GameID, MoveNumber, Move, time_stamp) VALUES (3, 17, 'O-O', '2024-06-17 01:25:05');
INSERT INTO Action (GameID, MoveNumber, Move, time_stamp) VALUES (3, 18, 'Nc3', '2024-10-11 14:58:08');
INSERT INTO Action (GameID, MoveNumber, Move, time_stamp) VALUES (3, 19, 'f4', '2025-01-08 17:46:21');
INSERT INTO Action (GameID, MoveNumber, Move, time_stamp) VALUES (3, 20, 'Bb5', '2024-12-17 23:08:21');
INSERT INTO Action (GameID, MoveNumber, Move, time_stamp) VALUES (3, 21, 'Bb5', '2025-01-13 02:59:21');
INSERT INTO Action (GameID, MoveNumber, Move, time_stamp) VALUES (3, 22, 'Qd2', '2024-11-14 08:46:18');
INSERT INTO Action (GameID, MoveNumber, Move, time_stamp) VALUES (3, 23, 'Bb5', '2025-01-13 13:57:01');
INSERT INTO Action (GameID, MoveNumber, Move, time_stamp) VALUES (3, 24, 'Qd2', '2024-05-05 23:08:10');
INSERT INTO Action (GameID, MoveNumber, Move, time_stamp) VALUES (3, 25, 'Bb5', '2024-08-20 10:32:35');
INSERT INTO Action (GameID, MoveNumber, Move, time_stamp) VALUES (3, 26, 'f4', '2025-01-13 07:44:31');
INSERT INTO Action (GameID, MoveNumber, Move, time_stamp) VALUES (3, 27, 'h3', '2024-06-18 22:57:19');
INSERT INTO Action (GameID, MoveNumber, Move, time_stamp) VALUES (3, 28, 'Re1', '2024-08-29 13:59:46');
INSERT INTO Action (GameID, MoveNumber, Move, time_stamp) VALUES (3, 29, 'Re1', '2024-06-11 01:59:24');
INSERT INTO Action (GameID, MoveNumber, Move, time_stamp) VALUES (3, 30, 'b3', '2025-02-24 14:25:57');
INSERT INTO Action (GameID, MoveNumber, Move, time_stamp) VALUES (3, 31, 'h4', '2024-05-07 19:17:36');
INSERT INTO Action (GameID, MoveNumber, Move, time_stamp) VALUES (3, 32, 'Rf3', '2024-04-11 19:03:48');
INSERT INTO Action (GameID, MoveNumber, Move, time_stamp) VALUES (3, 33, 'a4', '2025-01-23 01:21:38');
INSERT INTO Action (GameID, MoveNumber, Move, time_stamp) VALUES (4, 1, 'e4', '2024-05-22 20:46:16');
INSERT INTO Action (GameID, MoveNumber, Move, time_stamp) VALUES (4, 2, 'd4', '2025-03-05 00:38:02');
INSERT INTO Action (GameID, MoveNumber, Move, time_stamp) VALUES (4, 3, 'e4', '2024-05-11 07:03:33');
INSERT INTO Action (GameID, MoveNumber, Move, time_stamp) VALUES (4, 4, 'c4', '2024-05-29 12:58:11');
INSERT INTO Action (GameID, MoveNumber, Move, time_stamp) VALUES (4, 5, 'Nf3', '2024-08-21 04:16:30');
INSERT INTO Action (GameID, MoveNumber, Move, time_stamp) VALUES (4, 6, 'Nf3', '2024-09-11 14:02:54');
INSERT INTO Action (GameID, MoveNumber, Move, time_stamp) VALUES (4, 7, 'c4', '2025-01-26 01:28:10');
INSERT INTO Action (GameID, MoveNumber, Move, time_stamp) VALUES (4, 8, 'd4', '2025-01-14 10:27:56');
INSERT INTO Action (GameID, MoveNumber, Move, time_stamp) VALUES (4, 9, 'e4', '2025-01-29 13:32:35');
INSERT INTO Action (GameID, MoveNumber, Move, time_stamp) VALUES (4, 10, 'e4', '2024-04-10 07:12:27');
INSERT INTO Action (GameID, MoveNumber, Move, time_stamp) VALUES (5, 1, 'e4', '2024-09-18 06:52:43');
INSERT INTO Action (GameID, MoveNumber, Move, time_stamp) VALUES (5, 2, 'd4', '2025-01-06 09:04:13');
INSERT INTO Action (GameID, MoveNumber, Move, time_stamp) VALUES (5, 3, 'Nf3', '2024-11-13 16:33:01');
INSERT INTO Action (GameID, MoveNumber, Move, time_stamp) VALUES (5, 4, 'c4', '2025-01-25 01:48:47');
INSERT INTO Action (GameID, MoveNumber, Move, time_stamp) VALUES (5, 5, 'c4', '2024-07-09 11:06:53');
INSERT INTO Action (GameID, MoveNumber, Move, time_stamp) VALUES (5, 6, 'e4', '2024-09-25 15:59:55');
INSERT INTO Action (GameID, MoveNumber, Move, time_stamp) VALUES (5, 7, 'd4', '2024-11-08 02:03:53');
INSERT INTO Action (GameID, MoveNumber, Move, time_stamp) VALUES (5, 8, 'd4', '2024-11-24 07:53:34');
INSERT INTO Action (GameID, MoveNumber, Move, time_stamp) VALUES (5, 9, 'e4', '2024-10-29 08:54:23');
INSERT INTO Action (GameID, MoveNumber, Move, time_stamp) VALUES (5, 10, 'c4', '2024-05-21 02:17:03');
INSERT INTO Action (GameID, MoveNumber, Move, time_stamp) VALUES (5, 11, 'Bb5', '2024-08-17 15:38:35');
INSERT INTO Action (GameID, MoveNumber, Move, time_stamp) VALUES (5, 12, 'b3', '2024-09-30 15:07:55');
INSERT INTO Action (GameID, MoveNumber, Move, time_stamp) VALUES (5, 13, 'Nc3', '2024-06-06 23:45:35');
INSERT INTO Action (GameID, MoveNumber, Move, time_stamp) VALUES (5, 14, 'b3', '2024-08-16 02:34:07');
INSERT INTO Action (GameID, MoveNumber, Move, time_stamp) VALUES (5, 15, 'f4', '2024-12-22 21:57:24');
INSERT INTO Action (GameID, MoveNumber, Move, time_stamp) VALUES (5, 16, 'Bb5', '2024-11-24 10:58:00');
INSERT INTO Action (GameID, MoveNumber, Move, time_stamp) VALUES (5, 17, 'h3', '2024-07-19 00:20:58');
INSERT INTO Action (GameID, MoveNumber, Move, time_stamp) VALUES (5, 18, 'Nc3', '2024-03-20 00:17:51');
INSERT INTO Action (GameID, MoveNumber, Move, time_stamp) VALUES (5, 19, 'Re1', '2024-06-20 17:16:52');
INSERT INTO Action (GameID, MoveNumber, Move, time_stamp) VALUES (5, 20, 'h3', '2024-10-11 10:49:53');
INSERT INTO Action (GameID, MoveNumber, Move, time_stamp) VALUES (5, 21, 'O-O', '2024-05-24 16:36:45');
INSERT INTO Action (GameID, MoveNumber, Move, time_stamp) VALUES (5, 22, 'b3', '2025-02-12 03:57:59');
INSERT INTO Action (GameID, MoveNumber, Move, time_stamp) VALUES (5, 23, 'Bb5', '2025-02-08 20:34:44');
INSERT INTO Action (GameID, MoveNumber, Move, time_stamp) VALUES (6, 1, 'd4', '2024-04-24 02:32:03');
INSERT INTO Action (GameID, MoveNumber, Move, time_stamp) VALUES (6, 2, 'c4', '2024-05-29 09:11:55');
INSERT INTO Action (GameID, MoveNumber, Move, time_stamp) VALUES (6, 3, 'e4', '2024-09-06 00:49:26');
INSERT INTO Action (GameID, MoveNumber, Move, time_stamp) VALUES (6, 4, 'e4', '2025-02-08 02:53:53');
INSERT INTO Action (GameID, MoveNumber, Move, time_stamp) VALUES (6, 5, 'd4', '2024-05-02 08:13:54');
INSERT INTO Action (GameID, MoveNumber, Move, time_stamp) VALUES (6, 6, 'd4', '2024-08-11 15:25:18');
INSERT INTO Action (GameID, MoveNumber, Move, time_stamp) VALUES (6, 7, 'd4', '2024-12-04 04:22:23');
INSERT INTO Action (GameID, MoveNumber, Move, time_stamp) VALUES (6, 8, 'Nf3', '2024-10-11 07:26:56');
INSERT INTO Action (GameID, MoveNumber, Move, time_stamp) VALUES (6, 9, 'e4', '2024-07-10 15:14:20');
INSERT INTO Action (GameID, MoveNumber, Move, time_stamp) VALUES (6, 10, 'Nf3', '2024-08-17 15:23:33');
INSERT INTO Action (GameID, MoveNumber, Move, time_stamp) VALUES (6, 11, 'Bb5', '2024-12-10 19:55:14');
INSERT INTO Action (GameID, MoveNumber, Move, time_stamp) VALUES (6, 12, 'h3', '2024-09-14 09:57:49');
INSERT INTO Action (GameID, MoveNumber, Move, time_stamp) VALUES (6, 13, 'a3', '2024-12-15 08:45:55');
INSERT INTO Action (GameID, MoveNumber, Move, time_stamp) VALUES (6, 14, 'Re1', '2024-07-12 08:45:25');
INSERT INTO Action (GameID, MoveNumber, Move, time_stamp) VALUES (6, 15, 'Nc3', '2024-11-15 14:39:14');
INSERT INTO Action (GameID, MoveNumber, Move, time_stamp) VALUES (6, 16, 'f4', '2024-04-03 03:54:26');
INSERT INTO Action (GameID, MoveNumber, Move, time_stamp) VALUES (6, 17, 'O-O', '2025-02-27 05:48:06');
INSERT INTO Action (GameID, MoveNumber, Move, time_stamp) VALUES (6, 18, 'b3', '2024-05-29 01:47:33');
INSERT INTO Action (GameID, MoveNumber, Move, time_stamp) VALUES (6, 19, 'a3', '2024-07-25 10:04:29');
INSERT INTO Action (GameID, MoveNumber, Move, time_stamp) VALUES (6, 20, 'f4', '2024-04-20 05:15:43');
INSERT INTO Action (GameID, MoveNumber, Move, time_stamp) VALUES (6, 21, 'h3', '2025-02-07 10:13:32');
INSERT INTO Action (GameID, MoveNumber, Move, time_stamp) VALUES (6, 22, 'Qd2', '2025-01-16 12:59:51');
INSERT INTO Action (GameID, MoveNumber, Move, time_stamp) VALUES (6, 23, 'a3', '2024-11-24 20:31:58');
INSERT INTO Action (GameID, MoveNumber, Move, time_stamp) VALUES (6, 24, 'Nc3', '2024-11-06 04:06:02');
INSERT INTO Action (GameID, MoveNumber, Move, time_stamp) VALUES (7, 1, 'c4', '2025-02-04 04:50:55');
INSERT INTO Action (GameID, MoveNumber, Move, time_stamp) VALUES (7, 2, 'Nf3', '2024-12-14 08:22:43');
INSERT INTO Action (GameID, MoveNumber, Move, time_stamp) VALUES (7, 3, 'e4', '2025-02-21 18:38:08');
INSERT INTO Action (GameID, MoveNumber, Move, time_stamp) VALUES (7, 4, 'd4', '2024-07-12 16:26:18');
INSERT INTO Action (GameID, MoveNumber, Move, time_stamp) VALUES (7, 5, 'e4', '2024-04-19 06:25:44');
INSERT INTO Action (GameID, MoveNumber, Move, time_stamp) VALUES (7, 6, 'e4', '2024-03-19 14:57:43');
INSERT INTO Action (GameID, MoveNumber, Move, time_stamp) VALUES (7, 7, 'c4', '2024-08-06 04:40:29');
INSERT INTO Action (GameID, MoveNumber, Move, time_stamp) VALUES (7, 8, 'd4', '2024-10-05 12:33:25');
INSERT INTO Action (GameID, MoveNumber, Move, time_stamp) VALUES (7, 9, 'c4', '2024-07-17 13:09:49');
INSERT INTO Action (GameID, MoveNumber, Move, time_stamp) VALUES (7, 10, 'e4', '2025-02-25 18:34:55');
INSERT INTO Action (GameID, MoveNumber, Move, time_stamp) VALUES (7, 11, 'O-O', '2025-03-04 04:09:01');
INSERT INTO Action (GameID, MoveNumber, Move, time_stamp) VALUES (7, 12, 'Qd2', '2024-10-04 08:55:17');
INSERT INTO Action (GameID, MoveNumber, Move, time_stamp) VALUES (7, 13, 'Nc3', '2024-06-08 02:09:18');
INSERT INTO Action (GameID, MoveNumber, Move, time_stamp) VALUES (7, 14, 'f4', '2024-04-18 17:49:19');
INSERT INTO Action (GameID, MoveNumber, Move, time_stamp) VALUES (7, 15, 'O-O', '2025-01-01 04:41:48');
INSERT INTO Action (GameID, MoveNumber, Move, time_stamp) VALUES (7, 16, 'f4', '2024-07-11 04:11:28');
INSERT INTO Action (GameID, MoveNumber, Move, time_stamp) VALUES (7, 17, 'f4', '2024-10-05 10:34:13');
INSERT INTO Action (GameID, MoveNumber, Move, time_stamp) VALUES (7, 18, 'O-O', '2024-08-07 12:27:03');
INSERT INTO Action (GameID, MoveNumber, Move, time_stamp) VALUES (7, 19, 'f4', '2024-10-25 03:35:15');
INSERT INTO Action (GameID, MoveNumber, Move, time_stamp) VALUES (7, 20, 'a3', '2024-07-04 09:16:50');
INSERT INTO Action (GameID, MoveNumber, Move, time_stamp) VALUES (7, 21, 'Re1', '2024-08-31 18:18:08');
INSERT INTO Action (GameID, MoveNumber, Move, time_stamp) VALUES (7, 22, 'Qd2', '2024-08-05 09:16:16');
INSERT INTO Action (GameID, MoveNumber, Move, time_stamp) VALUES (7, 23, 'Re1', '2024-03-28 08:12:51');
INSERT INTO Action (GameID, MoveNumber, Move, time_stamp) VALUES (7, 24, 'Re1', '2024-06-26 11:59:32');
INSERT INTO Action (GameID, MoveNumber, Move, time_stamp) VALUES (7, 25, 'f4', '2024-04-15 22:28:06');
INSERT INTO Action (GameID, MoveNumber, Move, time_stamp) VALUES (7, 26, 'Qd2', '2024-04-18 09:50:12');
INSERT INTO Action (GameID, MoveNumber, Move, time_stamp) VALUES (8, 1, 'e4', '2025-01-10 16:18:00');
INSERT INTO Action (GameID, MoveNumber, Move, time_stamp) VALUES (8, 2, 'd4', '2024-05-23 10:56:03');
INSERT INTO Action (GameID, MoveNumber, Move, time_stamp) VALUES (8, 3, 'Nf3', '2024-05-19 12:20:20');
INSERT INTO Action (GameID, MoveNumber, Move, time_stamp) VALUES (8, 4, 'd4', '2024-11-14 02:40:44');
INSERT INTO Action (GameID, MoveNumber, Move, time_stamp) VALUES (8, 5, 'Nf3', '2024-09-01 12:16:07');
INSERT INTO Action (GameID, MoveNumber, Move, time_stamp) VALUES (8, 6, 'e4', '2024-05-06 11:02:53');
INSERT INTO Action (GameID, MoveNumber, Move, time_stamp) VALUES (8, 7, 'c4', '2024-07-29 05:13:26');
INSERT INTO Action (GameID, MoveNumber, Move, time_stamp) VALUES (8, 8, 'e4', '2024-11-04 10:43:27');
INSERT INTO Action (GameID, MoveNumber, Move, time_stamp) VALUES (8, 9, 'c4', '2025-01-20 11:37:40');
INSERT INTO Action (GameID, MoveNumber, Move, time_stamp) VALUES (8, 10, 'c4', '2024-05-16 09:04:39');
INSERT INTO Action (GameID, MoveNumber, Move, time_stamp) VALUES (8, 11, 'Nc3', '2024-04-12 11:42:27');
INSERT INTO Action (GameID, MoveNumber, Move, time_stamp) VALUES (8, 12, 'O-O', '2024-08-07 04:05:49');
INSERT INTO Action (GameID, MoveNumber, Move, time_stamp) VALUES (8, 13, 'Re1', '2025-03-15 17:32:25');
INSERT INTO Action (GameID, MoveNumber, Move, time_stamp) VALUES (8, 14, 'Bb5', '2024-11-18 22:31:58');
INSERT INTO Action (GameID, MoveNumber, Move, time_stamp) VALUES (8, 15, 'Qd2', '2025-02-15 23:52:49');
INSERT INTO Action (GameID, MoveNumber, Move, time_stamp) VALUES (8, 16, 'O-O', '2024-12-12 20:45:05');
INSERT INTO Action (GameID, MoveNumber, Move, time_stamp) VALUES (8, 17, 'b3', '2025-02-16 07:49:07');
INSERT INTO Action (GameID, MoveNumber, Move, time_stamp) VALUES (9, 1, 'Nf3', '2024-07-29 00:58:05');
INSERT INTO Action (GameID, MoveNumber, Move, time_stamp) VALUES (9, 2, 'Nf3', '2024-09-11 02:07:53');
INSERT INTO Action (GameID, MoveNumber, Move, time_stamp) VALUES (9, 3, 'd4', '2024-07-16 23:16:34');
INSERT INTO Action (GameID, MoveNumber, Move, time_stamp) VALUES (9, 4, 'Nf3', '2025-02-24 15:45:36');
INSERT INTO Action (GameID, MoveNumber, Move, time_stamp) VALUES (9, 5, 'e4', '2025-01-18 21:53:52');
INSERT INTO Action (GameID, MoveNumber, Move, time_stamp) VALUES (9, 6, 'Nf3', '2024-12-27 13:13:45');
INSERT INTO Action (GameID, MoveNumber, Move, time_stamp) VALUES (9, 7, 'd4', '2024-09-01 05:35:20');
INSERT INTO Action (GameID, MoveNumber, Move, time_stamp) VALUES (9, 8, 'Nf3', '2025-02-12 07:52:18');
INSERT INTO Action (GameID, MoveNumber, Move, time_stamp) VALUES (9, 9, 'd4', '2025-03-11 23:55:28');
INSERT INTO Action (GameID, MoveNumber, Move, time_stamp) VALUES (9, 10, 'c4', '2024-07-26 03:27:41');
INSERT INTO Action (GameID, MoveNumber, Move, time_stamp) VALUES (9, 11, 'Re1', '2024-11-29 20:41:27');
INSERT INTO Action (GameID, MoveNumber, Move, time_stamp) VALUES (9, 12, 'Re1', '2024-08-27 17:23:49');
INSERT INTO Action (GameID, MoveNumber, Move, time_stamp) VALUES (9, 13, 'h3', '2024-04-15 06:06:19');
INSERT INTO Action (GameID, MoveNumber, Move, time_stamp) VALUES (9, 14, 'Qd2', '2024-04-16 19:10:59');
INSERT INTO Action (GameID, MoveNumber, Move, time_stamp) VALUES (9, 15, 'Nc3', '2025-02-22 03:59:53');
INSERT INTO Action (GameID, MoveNumber, Move, time_stamp) VALUES (9, 16, 'O-O', '2024-11-08 16:51:09');
INSERT INTO Action (GameID, MoveNumber, Move, time_stamp) VALUES (9, 17, 'h3', '2025-01-18 13:44:10');
INSERT INTO Action (GameID, MoveNumber, Move, time_stamp) VALUES (9, 18, 'f4', '2024-07-29 02:49:33');
INSERT INTO Action (GameID, MoveNumber, Move, time_stamp) VALUES (9, 19, 'f4', '2025-03-02 03:10:15');
INSERT INTO Action (GameID, MoveNumber, Move, time_stamp) VALUES (10, 1, 'Nf3', '2024-07-27 12:51:32');
INSERT INTO Action (GameID, MoveNumber, Move, time_stamp) VALUES (10, 2, 'e4', '2024-08-01 02:28:16');
INSERT INTO Action (GameID, MoveNumber, Move, time_stamp) VALUES (10, 3, 'c4', '2025-03-06 07:59:48');
INSERT INTO Action (GameID, MoveNumber, Move, time_stamp) VALUES (10, 4, 'c4', '2024-04-11 01:44:12');
INSERT INTO Action (GameID, MoveNumber, Move, time_stamp) VALUES (10, 5, 'e4', '2025-02-16 06:37:20');
INSERT INTO Action (GameID, MoveNumber, Move, time_stamp) VALUES (10, 6, 'd4', '2024-06-23 00:17:52');
INSERT INTO Action (GameID, MoveNumber, Move, time_stamp) VALUES (10, 7, 'd4', '2024-04-16 01:15:11');
INSERT INTO Action (GameID, MoveNumber, Move, time_stamp) VALUES (10, 8, 'c4', '2024-06-05 07:14:50');
INSERT INTO Action (GameID, MoveNumber, Move, time_stamp) VALUES (10, 9, 'e4', '2024-05-26 21:23:32');
INSERT INTO Action (GameID, MoveNumber, Move, time_stamp) VALUES (10, 10, 'd4', '2024-12-27 03:18:03');
INSERT INTO Action (GameID, MoveNumber, Move, time_stamp) VALUES (10, 11, 'Bb5', '2024-09-18 02:34:51');
INSERT INTO Action (GameID, MoveNumber, Move, time_stamp) VALUES (10, 12, 'Qd2', '2024-12-17 16:53:18');
INSERT INTO Action (GameID, MoveNumber, Move, time_stamp) VALUES (10, 13, 'a3', '2024-09-15 03:11:15');
INSERT INTO Action (GameID, MoveNumber, Move, time_stamp) VALUES (10, 14, 'h3', '2024-03-31 06:32:35');
INSERT INTO Action (GameID, MoveNumber, Move, time_stamp) VALUES (10, 15, 'a3', '2025-01-31 11:37:51');
INSERT INTO Action (GameID, MoveNumber, Move, time_stamp) VALUES (10, 16, 'b3', '2024-10-13 13:36:41');
INSERT INTO Action (GameID, MoveNumber, Move, time_stamp) VALUES (10, 17, 'Re1', '2024-09-14 14:01:50');
INSERT INTO Action (GameID, MoveNumber, Move, time_stamp) VALUES (10, 18, 'Nc3', '2024-04-13 08:26:08');
INSERT INTO Action (GameID, MoveNumber, Move, time_stamp) VALUES (10, 19, 'Qd2', '2024-12-23 23:35:52');
INSERT INTO Action (GameID, MoveNumber, Move, time_stamp) VALUES (10, 20, 'b3', '2024-10-06 06:45:34');
INSERT INTO Action (GameID, MoveNumber, Move, time_stamp) VALUES (10, 21, 'O-O', '2025-03-07 09:55:33');
INSERT INTO Action (GameID, MoveNumber, Move, time_stamp) VALUES (10, 22, 'f4', '2024-08-13 23:13:51');
INSERT INTO Action (GameID, MoveNumber, Move, time_stamp) VALUES (10, 23, 'Re1', '2024-11-11 10:10:17');
INSERT INTO Action (GameID, MoveNumber, Move, time_stamp) VALUES (10, 24, 'Re1', '2024-12-17 22:34:32');
INSERT INTO Action (GameID, MoveNumber, Move, time_stamp) VALUES (10, 25, 'Nc3', '2024-11-12 05:22:37');
INSERT INTO Action (GameID, MoveNumber, Move, time_stamp) VALUES (10, 26, 'f4', '2024-05-22 13:50:23');
INSERT INTO Action (GameID, MoveNumber, Move, time_stamp) VALUES (10, 27, 'b3', '2024-03-26 15:54:38');
INSERT INTO Action (GameID, MoveNumber, Move, time_stamp) VALUES (10, 28, 'Qd2', '2024-06-03 22:35:50');
INSERT INTO Action (GameID, MoveNumber, Move, time_stamp) VALUES (10, 29, 'O-O', '2024-11-13 15:20:14');
INSERT INTO Action (GameID, MoveNumber, Move, time_stamp) VALUES (10, 30, 'Nc3', '2024-05-08 02:04:44');
INSERT INTO Action (GameID, MoveNumber, Move, time_stamp) VALUES (10, 31, 'Rh7', '2024-08-20 01:14:19');
INSERT INTO Action (GameID, MoveNumber, Move, time_stamp) VALUES (11, 1, 'Nf3', '2024-10-26 23:40:12');
INSERT INTO Action (GameID, MoveNumber, Move, time_stamp) VALUES (11, 2, 'c4', '2024-04-27 19:56:02');
INSERT INTO Action (GameID, MoveNumber, Move, time_stamp) VALUES (11, 3, 'c4', '2024-08-21 22:16:55');
INSERT INTO Action (GameID, MoveNumber, Move, time_stamp) VALUES (11, 4, 'd4', '2024-08-30 03:31:20');
INSERT INTO Action (GameID, MoveNumber, Move, time_stamp) VALUES (11, 5, 'd4', '2024-09-23 16:24:05');
INSERT INTO Action (GameID, MoveNumber, Move, time_stamp) VALUES (11, 6, 'd4', '2024-04-10 05:34:39');
INSERT INTO Action (GameID, MoveNumber, Move, time_stamp) VALUES (11, 7, 'c4', '2024-06-18 21:53:07');
INSERT INTO Action (GameID, MoveNumber, Move, time_stamp) VALUES (11, 8, 'e4', '2024-05-26 17:35:51');
INSERT INTO Action (GameID, MoveNumber, Move, time_stamp) VALUES (11, 9, 'Nf3', '2025-01-23 19:53:47');
INSERT INTO Action (GameID, MoveNumber, Move, time_stamp) VALUES (11, 10, 'd4', '2024-07-30 00:05:45');
INSERT INTO Action (GameID, MoveNumber, Move, time_stamp) VALUES (11, 11, 'O-O', '2024-04-18 00:44:38');
INSERT INTO Action (GameID, MoveNumber, Move, time_stamp) VALUES (11, 12, 'f4', '2025-03-16 09:23:45');
INSERT INTO Action (GameID, MoveNumber, Move, time_stamp) VALUES (11, 13, 'f4', '2024-11-07 14:50:00');
INSERT INTO Action (GameID, MoveNumber, Move, time_stamp) VALUES (11, 14, 'O-O', '2025-03-12 20:18:50');
INSERT INTO Action (GameID, MoveNumber, Move, time_stamp) VALUES (11, 15, 'a3', '2024-12-12 00:03:47');
INSERT INTO Action (GameID, MoveNumber, Move, time_stamp) VALUES (11, 16, 'b3', '2024-10-10 21:17:09');
INSERT INTO Action (GameID, MoveNumber, Move, time_stamp) VALUES (11, 17, 'b3', '2024-12-05 14:52:55');
INSERT INTO Action (GameID, MoveNumber, Move, time_stamp) VALUES (11, 18, 'h3', '2024-06-08 04:36:27');
INSERT INTO Action (GameID, MoveNumber, Move, time_stamp) VALUES (11, 19, 'b3', '2025-02-25 13:07:05');
INSERT INTO Action (GameID, MoveNumber, Move, time_stamp) VALUES (11, 20, 'a3', '2024-12-04 20:01:00');
INSERT INTO Action (GameID, MoveNumber, Move, time_stamp) VALUES (11, 21, 'a3', '2025-01-30 14:06:02');
INSERT INTO Action (GameID, MoveNumber, Move, time_stamp) VALUES (11, 22, 'O-O', '2024-06-14 11:26:05');
INSERT INTO Action (GameID, MoveNumber, Move, time_stamp) VALUES (11, 23, 'b3', '2024-12-05 23:58:33');
INSERT INTO Action (GameID, MoveNumber, Move, time_stamp) VALUES (11, 24, 'Nc3', '2024-05-04 19:33:24');
INSERT INTO Action (GameID, MoveNumber, Move, time_stamp) VALUES (12, 1, 'd4', '2024-09-06 11:55:48');
INSERT INTO Action (GameID, MoveNumber, Move, time_stamp) VALUES (12, 2, 'e4', '2025-02-23 12:59:12');
INSERT INTO Action (GameID, MoveNumber, Move, time_stamp) VALUES (12, 3, 'Nf3', '2024-10-04 11:46:26');
INSERT INTO Action (GameID, MoveNumber, Move, time_stamp) VALUES (12, 4, 'Nf3', '2024-06-02 07:26:44');
INSERT INTO Action (GameID, MoveNumber, Move, time_stamp) VALUES (12, 5, 'e4', '2024-10-04 03:40:41');
INSERT INTO Action (GameID, MoveNumber, Move, time_stamp) VALUES (12, 6, 'd4', '2024-04-29 23:35:06');
INSERT INTO Action (GameID, MoveNumber, Move, time_stamp) VALUES (12, 7, 'e4', '2024-10-24 09:27:06');
INSERT INTO Action (GameID, MoveNumber, Move, time_stamp) VALUES (12, 8, 'e4', '2025-03-05 16:07:57');
INSERT INTO Action (GameID, MoveNumber, Move, time_stamp) VALUES (12, 9, 'Nf3', '2024-11-21 12:24:51');
INSERT INTO Action (GameID, MoveNumber, Move, time_stamp) VALUES (12, 10, 'Nf3', '2024-05-29 08:42:47');
INSERT INTO Action (GameID, MoveNumber, Move, time_stamp) VALUES (12, 11, 'O-O', '2024-07-27 04:21:06');
INSERT INTO Action (GameID, MoveNumber, Move, time_stamp) VALUES (12, 12, 'O-O', '2025-02-24 17:34:25');
INSERT INTO Action (GameID, MoveNumber, Move, time_stamp) VALUES (12, 13, 'Bb5', '2025-01-25 13:40:09');
INSERT INTO Action (GameID, MoveNumber, Move, time_stamp) VALUES (12, 14, 'f4', '2025-01-10 10:00:38');
INSERT INTO Action (GameID, MoveNumber, Move, time_stamp) VALUES (12, 15, 'h3', '2024-06-21 03:19:22');
INSERT INTO Action (GameID, MoveNumber, Move, time_stamp) VALUES (12, 16, 'f4', '2024-12-15 05:48:15');
INSERT INTO Action (GameID, MoveNumber, Move, time_stamp) VALUES (12, 17, 'Qd2', '2024-07-25 06:18:47');
INSERT INTO Action (GameID, MoveNumber, Move, time_stamp) VALUES (12, 18, 'Bb5', '2024-11-08 22:22:43');
INSERT INTO Action (GameID, MoveNumber, Move, time_stamp) VALUES (12, 19, 'f4', '2025-03-15 22:28:57');
INSERT INTO Action (GameID, MoveNumber, Move, time_stamp) VALUES (12, 20, 'b3', '2024-05-20 23:29:58');
INSERT INTO Action (GameID, MoveNumber, Move, time_stamp) VALUES (12, 21, 'Qd2', '2024-12-26 05:46:42');
INSERT INTO Action (GameID, MoveNumber, Move, time_stamp) VALUES (12, 22, 'a3', '2024-11-19 03:58:25');
INSERT INTO Action (GameID, MoveNumber, Move, time_stamp) VALUES (12, 23, 'Bb5', '2024-10-31 16:44:52');
INSERT INTO Action (GameID, MoveNumber, Move, time_stamp) VALUES (12, 24, 'Qd2', '2024-08-14 02:00:31');
INSERT INTO Action (GameID, MoveNumber, Move, time_stamp) VALUES (12, 25, 'f4', '2024-06-10 06:47:30');
INSERT INTO Action (GameID, MoveNumber, Move, time_stamp) VALUES (12, 26, 'f4', '2024-03-30 19:54:37');
INSERT INTO Action (GameID, MoveNumber, Move, time_stamp) VALUES (12, 27, 'Nc3', '2024-04-24 12:50:20');
INSERT INTO Action (GameID, MoveNumber, Move, time_stamp) VALUES (12, 28, 'Bb5', '2024-05-03 13:19:49');
INSERT INTO Action (GameID, MoveNumber, Move, time_stamp) VALUES (12, 29, 'O-O', '2024-07-10 05:18:02');
INSERT INTO Action (GameID, MoveNumber, Move, time_stamp) VALUES (13, 1, 'e4', '2025-02-04 04:30:43');
INSERT INTO Action (GameID, MoveNumber, Move, time_stamp) VALUES (13, 2, 'e4', '2025-02-09 10:53:28');
INSERT INTO Action (GameID, MoveNumber, Move, time_stamp) VALUES (13, 3, 'c4', '2024-10-11 14:44:30');
INSERT INTO Action (GameID, MoveNumber, Move, time_stamp) VALUES (13, 4, 'e4', '2024-08-04 10:52:04');
INSERT INTO Action (GameID, MoveNumber, Move, time_stamp) VALUES (13, 5, 'c4', '2024-06-25 22:31:28');
INSERT INTO Action (GameID, MoveNumber, Move, time_stamp) VALUES (13, 6, 'Nf3', '2025-03-02 06:59:44');
INSERT INTO Action (GameID, MoveNumber, Move, time_stamp) VALUES (13, 7, 'c4', '2024-06-27 09:34:06');
INSERT INTO Action (GameID, MoveNumber, Move, time_stamp) VALUES (13, 8, 'e4', '2024-05-24 12:45:33');
INSERT INTO Action (GameID, MoveNumber, Move, time_stamp) VALUES (13, 9, 'd4', '2024-12-29 01:21:01');
INSERT INTO Action (GameID, MoveNumber, Move, time_stamp) VALUES (13, 10, 'Nf3', '2024-06-08 13:07:33');
INSERT INTO Action (GameID, MoveNumber, Move, time_stamp) VALUES (13, 11, 'f4', '2024-03-20 08:44:13');
INSERT INTO Action (GameID, MoveNumber, Move, time_stamp) VALUES (13, 12, 'Nc3', '2024-05-10 19:09:45');
INSERT INTO Action (GameID, MoveNumber, Move, time_stamp) VALUES (13, 13, 'Re1', '2024-06-18 19:03:50');
INSERT INTO Action (GameID, MoveNumber, Move, time_stamp) VALUES (13, 14, 'Qd2', '2025-03-16 04:08:10');
INSERT INTO Action (GameID, MoveNumber, Move, time_stamp) VALUES (13, 15, 'O-O', '2025-01-29 06:16:47');
INSERT INTO Action (GameID, MoveNumber, Move, time_stamp) VALUES (13, 16, 'Re1', '2025-02-05 17:12:17');
INSERT INTO Action (GameID, MoveNumber, Move, time_stamp) VALUES (13, 17, 'Bb5', '2024-11-22 06:57:08');
INSERT INTO Action (GameID, MoveNumber, Move, time_stamp) VALUES (14, 1, 'e4', '2024-05-24 23:02:12');
INSERT INTO Action (GameID, MoveNumber, Move, time_stamp) VALUES (14, 2, 'c4', '2024-09-19 03:02:41');
INSERT INTO Action (GameID, MoveNumber, Move, time_stamp) VALUES (14, 3, 'e4', '2024-11-16 14:01:17');
INSERT INTO Action (GameID, MoveNumber, Move, time_stamp) VALUES (14, 4, 'd4', '2025-01-16 05:27:39');
INSERT INTO Action (GameID, MoveNumber, Move, time_stamp) VALUES (14, 5, 'c4', '2024-09-20 15:44:04');
INSERT INTO Action (GameID, MoveNumber, Move, time_stamp) VALUES (14, 6, 'e4', '2025-01-09 22:01:05');
INSERT INTO Action (GameID, MoveNumber, Move, time_stamp) VALUES (14, 7, 'c4', '2024-04-13 17:45:02');
INSERT INTO Action (GameID, MoveNumber, Move, time_stamp) VALUES (14, 8, 'c4', '2024-09-08 07:14:55');
INSERT INTO Action (GameID, MoveNumber, Move, time_stamp) VALUES (14, 9, 'Nf3', '2024-04-07 13:18:15');
INSERT INTO Action (GameID, MoveNumber, Move, time_stamp) VALUES (14, 10, 'Nf3', '2025-01-09 19:32:19');
INSERT INTO Action (GameID, MoveNumber, Move, time_stamp) VALUES (14, 11, 'Qd2', '2024-09-08 06:32:34');
INSERT INTO Action (GameID, MoveNumber, Move, time_stamp) VALUES (14, 12, 'O-O', '2024-12-04 13:40:55');
INSERT INTO Action (GameID, MoveNumber, Move, time_stamp) VALUES (14, 13, 'Re1', '2024-06-25 12:39:09');
INSERT INTO Action (GameID, MoveNumber, Move, time_stamp) VALUES (14, 14, 'h3', '2024-05-08 04:39:46');
INSERT INTO Action (GameID, MoveNumber, Move, time_stamp) VALUES (14, 15, 'O-O', '2024-03-30 04:24:33');
INSERT INTO Action (GameID, MoveNumber, Move, time_stamp) VALUES (14, 16, 'Nc3', '2025-01-20 16:14:00');
INSERT INTO Action (GameID, MoveNumber, Move, time_stamp) VALUES (14, 17, 'Re1', '2024-07-03 07:24:16');
INSERT INTO Action (GameID, MoveNumber, Move, time_stamp) VALUES (14, 18, 'Bb5', '2024-08-24 21:14:03');
INSERT INTO Action (GameID, MoveNumber, Move, time_stamp) VALUES (14, 19, 'Nc3', '2024-06-30 18:36:17');
INSERT INTO Action (GameID, MoveNumber, Move, time_stamp) VALUES (14, 20, 'f4', '2024-09-04 12:53:32');
INSERT INTO Action (GameID, MoveNumber, Move, time_stamp) VALUES (14, 21, 'h3', '2024-04-15 01:08:04');
INSERT INTO Action (GameID, MoveNumber, Move, time_stamp) VALUES (14, 22, 'b3', '2025-02-04 02:29:31');
INSERT INTO Action (GameID, MoveNumber, Move, time_stamp) VALUES (14, 23, 'O-O', '2024-10-30 22:01:27');
INSERT INTO Action (GameID, MoveNumber, Move, time_stamp) VALUES (14, 24, 'O-O', '2024-11-26 09:26:10');
INSERT INTO Action (GameID, MoveNumber, Move, time_stamp) VALUES (14, 25, 'a3', '2024-05-05 03:35:19');
INSERT INTO Action (GameID, MoveNumber, Move, time_stamp) VALUES (14, 26, 'Re1', '2024-09-06 14:20:11');
INSERT INTO Action (GameID, MoveNumber, Move, time_stamp) VALUES (14, 27, 'Nc3', '2024-12-24 04:07:48');
INSERT INTO Action (GameID, MoveNumber, Move, time_stamp) VALUES (14, 28, 'O-O', '2024-10-25 03:12:38');
INSERT INTO Action (GameID, MoveNumber, Move, time_stamp) VALUES (14, 29, 'Nc3', '2024-04-04 04:50:42');
INSERT INTO Action (GameID, MoveNumber, Move, time_stamp) VALUES (14, 30, 'Re1', '2024-10-07 16:05:06');
INSERT INTO Action (GameID, MoveNumber, Move, time_stamp) VALUES (14, 31, 'Kg2', '2024-05-06 18:36:48');
INSERT INTO Action (GameID, MoveNumber, Move, time_stamp) VALUES (14, 32, 'g4', '2025-02-25 01:22:08');
INSERT INTO Action (GameID, MoveNumber, Move, time_stamp) VALUES (14, 33, 'O-O-O', '2024-07-24 19:10:03');
INSERT INTO Action (GameID, MoveNumber, Move, time_stamp) VALUES (14, 34, 'a4', '2024-11-16 11:41:13');
INSERT INTO Action (GameID, MoveNumber, Move, time_stamp) VALUES (14, 35, 'h4', '2025-02-25 07:24:44');
INSERT INTO Action (GameID, MoveNumber, Move, time_stamp) VALUES (15, 1, 'd4', '2025-03-04 22:44:11');
INSERT INTO Action (GameID, MoveNumber, Move, time_stamp) VALUES (15, 2, 'd4', '2024-11-13 22:51:24');
INSERT INTO Action (GameID, MoveNumber, Move, time_stamp) VALUES (15, 3, 'd4', '2024-03-18 01:44:52');
INSERT INTO Action (GameID, MoveNumber, Move, time_stamp) VALUES (15, 4, 'c4', '2024-09-22 00:57:20');
INSERT INTO Action (GameID, MoveNumber, Move, time_stamp) VALUES (15, 5, 'c4', '2024-06-27 07:35:49');
INSERT INTO Action (GameID, MoveNumber, Move, time_stamp) VALUES (15, 6, 'e4', '2024-10-05 22:11:14');
INSERT INTO Action (GameID, MoveNumber, Move, time_stamp) VALUES (15, 7, 'c4', '2024-06-16 03:15:50');
INSERT INTO Action (GameID, MoveNumber, Move, time_stamp) VALUES (15, 8, 'd4', '2025-02-15 18:59:45');
INSERT INTO Action (GameID, MoveNumber, Move, time_stamp) VALUES (15, 9, 'c4', '2024-09-10 14:09:48');
INSERT INTO Action (GameID, MoveNumber, Move, time_stamp) VALUES (15, 10, 'd4', '2025-01-05 15:51:37');
INSERT INTO Action (GameID, MoveNumber, Move, time_stamp) VALUES (15, 11, 'a3', '2024-06-22 04:41:44');
INSERT INTO Action (GameID, MoveNumber, Move, time_stamp) VALUES (15, 12, 'h3', '2024-07-18 21:11:59');
INSERT INTO Action (GameID, MoveNumber, Move, time_stamp) VALUES (15, 13, 'Re1', '2024-12-03 06:48:10');
INSERT INTO Action (GameID, MoveNumber, Move, time_stamp) VALUES (15, 14, 'b3', '2025-01-23 10:10:34');
INSERT INTO Action (GameID, MoveNumber, Move, time_stamp) VALUES (15, 15, 'O-O', '2024-05-10 17:04:08');
INSERT INTO Action (GameID, MoveNumber, Move, time_stamp) VALUES (15, 16, 'h3', '2024-11-18 04:09:26');
INSERT INTO Action (GameID, MoveNumber, Move, time_stamp) VALUES (15, 17, 'O-O', '2024-08-05 05:19:22');
INSERT INTO Action (GameID, MoveNumber, Move, time_stamp) VALUES (15, 18, 'Nc3', '2024-12-31 08:19:34');
INSERT INTO Action (GameID, MoveNumber, Move, time_stamp) VALUES (15, 19, 'Qd2', '2024-06-16 16:03:36');
INSERT INTO Action (GameID, MoveNumber, Move, time_stamp) VALUES (15, 20, 'a3', '2024-10-22 07:20:47');
INSERT INTO Action (GameID, MoveNumber, Move, time_stamp) VALUES (15, 21, 'Bb5', '2025-02-14 16:37:32');
INSERT INTO Action (GameID, MoveNumber, Move, time_stamp) VALUES (15, 22, 'O-O', '2025-02-28 10:04:19');
INSERT INTO Action (GameID, MoveNumber, Move, time_stamp) VALUES (15, 23, 'O-O', '2024-12-08 21:48:04');
INSERT INTO Action (GameID, MoveNumber, Move, time_stamp) VALUES (15, 24, 'Qd2', '2024-08-02 11:12:36');
INSERT INTO Action (GameID, MoveNumber, Move, time_stamp) VALUES (15, 25, 'Bb5', '2025-01-17 06:58:13');
INSERT INTO Action (GameID, MoveNumber, Move, time_stamp) VALUES (15, 26, 'Qd2', '2024-10-06 21:00:46');
INSERT INTO Action (GameID, MoveNumber, Move, time_stamp) VALUES (15, 27, 'Nc3', '2025-01-21 04:01:18');
INSERT INTO Action (GameID, MoveNumber, Move, time_stamp) VALUES (15, 28, 'Qd2', '2024-08-11 08:11:51');
INSERT INTO Action (GameID, MoveNumber, Move, time_stamp) VALUES (15, 29, 'b3', '2024-08-13 20:41:45');
INSERT INTO Action (GameID, MoveNumber, Move, time_stamp) VALUES (15, 30, 'O-O', '2024-12-24 01:45:23');
INSERT INTO Action (GameID, MoveNumber, Move, time_stamp) VALUES (16, 1, 'c4', '2024-11-09 02:06:43');
INSERT INTO Action (GameID, MoveNumber, Move, time_stamp) VALUES (16, 2, 'c4', '2024-09-23 08:09:36');
INSERT INTO Action (GameID, MoveNumber, Move, time_stamp) VALUES (16, 3, 'd4', '2025-01-10 17:45:31');
INSERT INTO Action (GameID, MoveNumber, Move, time_stamp) VALUES (16, 4, 'Nf3', '2024-10-15 10:53:00');
INSERT INTO Action (GameID, MoveNumber, Move, time_stamp) VALUES (16, 5, 'e4', '2024-06-24 09:20:48');
INSERT INTO Action (GameID, MoveNumber, Move, time_stamp) VALUES (16, 6, 'e4', '2024-08-31 23:07:37');
INSERT INTO Action (GameID, MoveNumber, Move, time_stamp) VALUES (16, 7, 'Nf3', '2024-11-26 02:07:33');
INSERT INTO Action (GameID, MoveNumber, Move, time_stamp) VALUES (16, 8, 'Nf3', '2024-11-24 06:00:19');
INSERT INTO Action (GameID, MoveNumber, Move, time_stamp) VALUES (16, 9, 'Nf3', '2024-12-11 03:38:20');
INSERT INTO Action (GameID, MoveNumber, Move, time_stamp) VALUES (16, 10, 'e4', '2024-05-23 21:54:04');
INSERT INTO Action (GameID, MoveNumber, Move, time_stamp) VALUES (16, 11, 'f4', '2024-06-12 04:45:03');
INSERT INTO Action (GameID, MoveNumber, Move, time_stamp) VALUES (16, 12, 'Re1', '2024-12-20 03:20:50');
INSERT INTO Action (GameID, MoveNumber, Move, time_stamp) VALUES (16, 13, 'Re1', '2024-06-29 11:21:41');
INSERT INTO Action (GameID, MoveNumber, Move, time_stamp) VALUES (16, 14, 'Bb5', '2024-08-26 12:17:26');
INSERT INTO Action (GameID, MoveNumber, Move, time_stamp) VALUES (16, 15, 'O-O', '2024-07-20 16:10:41');
INSERT INTO Action (GameID, MoveNumber, Move, time_stamp) VALUES (16, 16, 'f4', '2025-03-11 15:11:24');
INSERT INTO Action (GameID, MoveNumber, Move, time_stamp) VALUES (16, 17, 'a3', '2024-08-01 10:57:10');
INSERT INTO Action (GameID, MoveNumber, Move, time_stamp) VALUES (16, 18, 'O-O', '2024-04-08 09:48:09');
INSERT INTO Action (GameID, MoveNumber, Move, time_stamp) VALUES (16, 19, 'Nc3', '2024-11-25 00:29:00');
INSERT INTO Action (GameID, MoveNumber, Move, time_stamp) VALUES (16, 20, 'Bb5', '2024-10-04 07:09:09');
INSERT INTO Action (GameID, MoveNumber, Move, time_stamp) VALUES (16, 21, 'b3', '2024-12-13 20:35:00');
INSERT INTO Action (GameID, MoveNumber, Move, time_stamp) VALUES (16, 22, 'f4', '2024-04-21 09:29:21');
INSERT INTO Action (GameID, MoveNumber, Move, time_stamp) VALUES (16, 23, 'h3', '2024-12-09 23:20:39');
INSERT INTO Action (GameID, MoveNumber, Move, time_stamp) VALUES (16, 24, 'Bb5', '2024-03-20 16:58:21');
INSERT INTO Action (GameID, MoveNumber, Move, time_stamp) VALUES (16, 25, 'a3', '2024-08-22 23:52:44');
INSERT INTO Action (GameID, MoveNumber, Move, time_stamp) VALUES (16, 26, 'Nc3', '2024-06-19 08:14:25');
INSERT INTO Action (GameID, MoveNumber, Move, time_stamp) VALUES (16, 27, 'Bb5', '2024-11-12 00:09:04');
INSERT INTO Action (GameID, MoveNumber, Move, time_stamp) VALUES (16, 28, 'a3', '2025-03-12 08:25:00');
INSERT INTO Action (GameID, MoveNumber, Move, time_stamp) VALUES (16, 29, 'Re1', '2024-04-07 10:58:46');
INSERT INTO Action (GameID, MoveNumber, Move, time_stamp) VALUES (16, 30, 'Qd2', '2024-09-03 01:37:44');
INSERT INTO Action (GameID, MoveNumber, Move, time_stamp) VALUES (17, 1, 'd4', '2025-01-08 00:13:59');
INSERT INTO Action (GameID, MoveNumber, Move, time_stamp) VALUES (17, 2, 'Nf3', '2024-08-26 05:41:04');
INSERT INTO Action (GameID, MoveNumber, Move, time_stamp) VALUES (17, 3, 'd4', '2024-10-30 17:38:30');
INSERT INTO Action (GameID, MoveNumber, Move, time_stamp) VALUES (17, 4, 'd4', '2024-05-14 21:09:05');
INSERT INTO Action (GameID, MoveNumber, Move, time_stamp) VALUES (17, 5, 'd4', '2024-10-12 15:17:20');
INSERT INTO Action (GameID, MoveNumber, Move, time_stamp) VALUES (17, 6, 'e4', '2025-02-21 02:59:44');
INSERT INTO Action (GameID, MoveNumber, Move, time_stamp) VALUES (17, 7, 'c4', '2024-05-13 09:20:28');
INSERT INTO Action (GameID, MoveNumber, Move, time_stamp) VALUES (17, 8, 'd4', '2024-11-04 19:47:55');
INSERT INTO Action (GameID, MoveNumber, Move, time_stamp) VALUES (17, 9, 'Nf3', '2024-12-26 11:00:18');
INSERT INTO Action (GameID, MoveNumber, Move, time_stamp) VALUES (17, 10, 'c4', '2024-08-01 03:16:30');
INSERT INTO Action (GameID, MoveNumber, Move, time_stamp) VALUES (17, 11, 'f4', '2024-06-12 20:41:11');
INSERT INTO Action (GameID, MoveNumber, Move, time_stamp) VALUES (17, 12, 'h3', '2024-04-28 02:53:56');
INSERT INTO Action (GameID, MoveNumber, Move, time_stamp) VALUES (17, 13, 'Re1', '2024-06-27 17:47:14');
INSERT INTO Action (GameID, MoveNumber, Move, time_stamp) VALUES (17, 14, 'f4', '2025-03-06 02:20:44');
INSERT INTO Action (GameID, MoveNumber, Move, time_stamp) VALUES (17, 15, 'h3', '2024-08-13 23:24:37');
INSERT INTO Action (GameID, MoveNumber, Move, time_stamp) VALUES (17, 16, 'Bb5', '2025-02-07 17:45:17');
INSERT INTO Action (GameID, MoveNumber, Move, time_stamp) VALUES (17, 17, 'a3', '2024-07-06 23:40:52');
INSERT INTO Action (GameID, MoveNumber, Move, time_stamp) VALUES (17, 18, 'a3', '2024-07-13 01:50:43');
INSERT INTO Action (GameID, MoveNumber, Move, time_stamp) VALUES (17, 19, 'Re1', '2024-11-05 18:24:55');
INSERT INTO Action (GameID, MoveNumber, Move, time_stamp) VALUES (17, 20, 'Bb5', '2024-10-29 11:49:18');
INSERT INTO Action (GameID, MoveNumber, Move, time_stamp) VALUES (17, 21, 'b3', '2025-01-19 23:02:10');
INSERT INTO Action (GameID, MoveNumber, Move, time_stamp) VALUES (17, 22, 'a3', '2024-05-02 04:51:46');
INSERT INTO Action (GameID, MoveNumber, Move, time_stamp) VALUES (17, 23, 'Nc3', '2024-07-31 02:57:19');
INSERT INTO Action (GameID, MoveNumber, Move, time_stamp) VALUES (17, 24, 'h3', '2024-08-07 12:06:16');
INSERT INTO Action (GameID, MoveNumber, Move, time_stamp) VALUES (17, 25, 'O-O', '2024-06-27 15:45:02');
INSERT INTO Action (GameID, MoveNumber, Move, time_stamp) VALUES (17, 26, 'a3', '2024-05-16 18:09:27');
INSERT INTO Action (GameID, MoveNumber, Move, time_stamp) VALUES (17, 27, 'f4', '2024-04-14 01:05:08');
INSERT INTO Action (GameID, MoveNumber, Move, time_stamp) VALUES (17, 28, 'Qd2', '2024-06-22 13:23:03');
INSERT INTO Action (GameID, MoveNumber, Move, time_stamp) VALUES (17, 29, 'Nc3', '2024-03-25 23:15:02');
INSERT INTO Action (GameID, MoveNumber, Move, time_stamp) VALUES (17, 30, 'O-O', '2025-03-11 14:25:18');
INSERT INTO Action (GameID, MoveNumber, Move, time_stamp) VALUES (17, 31, 'g4', '2024-08-04 11:07:44');
INSERT INTO Action (GameID, MoveNumber, Move, time_stamp) VALUES (17, 32, 'Rf3', '2024-08-28 04:21:46');
INSERT INTO Action (GameID, MoveNumber, Move, time_stamp) VALUES (17, 33, 'Kg2', '2025-02-20 06:13:28');
INSERT INTO Action (GameID, MoveNumber, Move, time_stamp) VALUES (17, 34, 'Rf3', '2024-07-23 22:36:48');
INSERT INTO Action (GameID, MoveNumber, Move, time_stamp) VALUES (17, 35, 'O-O-O', '2025-01-06 01:34:32');
INSERT INTO Action (GameID, MoveNumber, Move, time_stamp) VALUES (17, 36, 'Rf3', '2024-08-21 21:54:57');
INSERT INTO Action (GameID, MoveNumber, Move, time_stamp) VALUES (17, 37, 'h4', '2024-09-21 13:13:53');
INSERT INTO Action (GameID, MoveNumber, Move, time_stamp) VALUES (18, 1, 'd4', '2025-02-02 08:45:19');
INSERT INTO Action (GameID, MoveNumber, Move, time_stamp) VALUES (18, 2, 'd4', '2024-04-23 17:08:44');
INSERT INTO Action (GameID, MoveNumber, Move, time_stamp) VALUES (18, 3, 'e4', '2024-12-29 19:10:02');
INSERT INTO Action (GameID, MoveNumber, Move, time_stamp) VALUES (18, 4, 'e4', '2024-06-26 00:10:43');
INSERT INTO Action (GameID, MoveNumber, Move, time_stamp) VALUES (18, 5, 'c4', '2024-05-17 23:06:46');
INSERT INTO Action (GameID, MoveNumber, Move, time_stamp) VALUES (18, 6, 'c4', '2024-06-16 21:01:12');
INSERT INTO Action (GameID, MoveNumber, Move, time_stamp) VALUES (18, 7, 'd4', '2024-12-06 16:30:34');
INSERT INTO Action (GameID, MoveNumber, Move, time_stamp) VALUES (18, 8, 'Nf3', '2024-10-06 17:36:36');
INSERT INTO Action (GameID, MoveNumber, Move, time_stamp) VALUES (18, 9, 'c4', '2025-01-09 13:16:41');
INSERT INTO Action (GameID, MoveNumber, Move, time_stamp) VALUES (18, 10, 'e4', '2024-05-27 10:09:49');
INSERT INTO Action (GameID, MoveNumber, Move, time_stamp) VALUES (18, 11, 'Qd2', '2025-01-13 12:37:06');
INSERT INTO Action (GameID, MoveNumber, Move, time_stamp) VALUES (18, 12, 'Nc3', '2025-02-07 15:02:43');
INSERT INTO Action (GameID, MoveNumber, Move, time_stamp) VALUES (18, 13, 'f4', '2025-01-06 16:49:53');
INSERT INTO Action (GameID, MoveNumber, Move, time_stamp) VALUES (18, 14, 'Qd2', '2024-03-24 11:42:02');
INSERT INTO Action (GameID, MoveNumber, Move, time_stamp) VALUES (18, 15, 'Nc3', '2024-07-25 05:24:20');
INSERT INTO Action (GameID, MoveNumber, Move, time_stamp) VALUES (18, 16, 'h3', '2024-04-09 05:38:08');
INSERT INTO Action (GameID, MoveNumber, Move, time_stamp) VALUES (18, 17, 'b3', '2025-03-03 18:31:25');
INSERT INTO Action (GameID, MoveNumber, Move, time_stamp) VALUES (18, 18, 'h3', '2024-04-05 01:41:16');
INSERT INTO Action (GameID, MoveNumber, Move, time_stamp) VALUES (18, 19, 'Qd2', '2025-03-08 12:04:21');
INSERT INTO Action (GameID, MoveNumber, Move, time_stamp) VALUES (18, 20, 'O-O', '2024-12-01 01:59:28');
INSERT INTO Action (GameID, MoveNumber, Move, time_stamp) VALUES (18, 21, 'Re1', '2024-09-23 01:55:12');
INSERT INTO Action (GameID, MoveNumber, Move, time_stamp) VALUES (18, 22, 'Re1', '2024-10-30 14:30:03');
INSERT INTO Action (GameID, MoveNumber, Move, time_stamp) VALUES (18, 23, 'f4', '2024-09-13 01:26:07');
INSERT INTO Action (GameID, MoveNumber, Move, time_stamp) VALUES (18, 24, 'b3', '2024-11-08 05:24:05');
INSERT INTO Action (GameID, MoveNumber, Move, time_stamp) VALUES (18, 25, 'h3', '2024-07-04 06:21:32');
INSERT INTO Action (GameID, MoveNumber, Move, time_stamp) VALUES (18, 26, 'Bb5', '2024-06-10 07:35:17');
INSERT INTO Action (GameID, MoveNumber, Move, time_stamp) VALUES (19, 1, 'e4', '2024-03-18 21:07:46');
INSERT INTO Action (GameID, MoveNumber, Move, time_stamp) VALUES (19, 2, 'e4', '2024-08-14 09:32:51');
INSERT INTO Action (GameID, MoveNumber, Move, time_stamp) VALUES (19, 3, 'c4', '2025-02-04 07:41:51');
INSERT INTO Action (GameID, MoveNumber, Move, time_stamp) VALUES (19, 4, 'd4', '2025-02-17 07:28:28');
INSERT INTO Action (GameID, MoveNumber, Move, time_stamp) VALUES (19, 5, 'e4', '2025-03-06 15:28:31');
INSERT INTO Action (GameID, MoveNumber, Move, time_stamp) VALUES (19, 6, 'c4', '2024-11-22 02:23:21');
INSERT INTO Action (GameID, MoveNumber, Move, time_stamp) VALUES (19, 7, 'c4', '2024-11-28 10:42:22');
INSERT INTO Action (GameID, MoveNumber, Move, time_stamp) VALUES (19, 8, 'c4', '2025-02-05 02:30:21');
INSERT INTO Action (GameID, MoveNumber, Move, time_stamp) VALUES (19, 9, 'Nf3', '2025-02-04 17:14:02');
INSERT INTO Action (GameID, MoveNumber, Move, time_stamp) VALUES (19, 10, 'c4', '2025-01-09 09:43:26');
INSERT INTO Action (GameID, MoveNumber, Move, time_stamp) VALUES (19, 11, 'h3', '2024-10-31 21:16:08');
INSERT INTO Action (GameID, MoveNumber, Move, time_stamp) VALUES (19, 12, 'a3', '2025-03-15 16:08:28');
INSERT INTO Action (GameID, MoveNumber, Move, time_stamp) VALUES (19, 13, 'Bb5', '2024-06-02 20:46:17');
INSERT INTO Action (GameID, MoveNumber, Move, time_stamp) VALUES (19, 14, 'Re1', '2024-10-29 03:01:31');
INSERT INTO Action (GameID, MoveNumber, Move, time_stamp) VALUES (19, 15, 'Re1', '2024-11-21 04:59:59');
INSERT INTO Action (GameID, MoveNumber, Move, time_stamp) VALUES (19, 16, 'b3', '2024-10-10 09:48:48');
INSERT INTO Action (GameID, MoveNumber, Move, time_stamp) VALUES (19, 17, 'O-O', '2024-08-22 02:42:01');
INSERT INTO Action (GameID, MoveNumber, Move, time_stamp) VALUES (19, 18, 'f4', '2024-03-29 18:10:43');
INSERT INTO Action (GameID, MoveNumber, Move, time_stamp) VALUES (19, 19, 'Bb5', '2024-06-19 23:23:18');
INSERT INTO Action (GameID, MoveNumber, Move, time_stamp) VALUES (19, 20, 'Nc3', '2024-12-01 10:52:02');
INSERT INTO Action (GameID, MoveNumber, Move, time_stamp) VALUES (19, 21, 'a3', '2024-07-13 07:37:11');
INSERT INTO Action (GameID, MoveNumber, Move, time_stamp) VALUES (20, 1, 'd4', '2024-04-24 01:31:19');
INSERT INTO Action (GameID, MoveNumber, Move, time_stamp) VALUES (20, 2, 'c4', '2024-03-19 00:37:02');
INSERT INTO Action (GameID, MoveNumber, Move, time_stamp) VALUES (20, 3, 'c4', '2024-08-08 08:28:21');
INSERT INTO Action (GameID, MoveNumber, Move, time_stamp) VALUES (20, 4, 'Nf3', '2025-01-17 02:44:53');
INSERT INTO Action (GameID, MoveNumber, Move, time_stamp) VALUES (20, 5, 'Nf3', '2024-03-30 12:30:13');
INSERT INTO Action (GameID, MoveNumber, Move, time_stamp) VALUES (20, 6, 'e4', '2025-01-31 23:04:59');
INSERT INTO Action (GameID, MoveNumber, Move, time_stamp) VALUES (20, 7, 'd4', '2024-09-04 07:46:50');
INSERT INTO Action (GameID, MoveNumber, Move, time_stamp) VALUES (20, 8, 'c4', '2025-03-03 16:53:47');
INSERT INTO Action (GameID, MoveNumber, Move, time_stamp) VALUES (20, 9, 'e4', '2024-12-31 12:55:01');
INSERT INTO Action (GameID, MoveNumber, Move, time_stamp) VALUES (20, 10, 'c4', '2024-04-14 12:48:58');
INSERT INTO Action (GameID, MoveNumber, Move, time_stamp) VALUES (20, 11, 'a3', '2024-08-09 01:28:11');
INSERT INTO Action (GameID, MoveNumber, Move, time_stamp) VALUES (20, 12, 'f4', '2024-08-13 07:06:41');
INSERT INTO Action (GameID, MoveNumber, Move, time_stamp) VALUES (20, 13, 'f4', '2024-05-28 16:33:36');
INSERT INTO Action (GameID, MoveNumber, Move, time_stamp) VALUES (20, 14, 'b3', '2024-10-27 22:50:11');
INSERT INTO Action (GameID, MoveNumber, Move, time_stamp) VALUES (20, 15, 'O-O', '2025-03-16 11:04:56');
INSERT INTO Action (GameID, MoveNumber, Move, time_stamp) VALUES (20, 16, 'Nc3', '2024-07-14 20:01:58');
INSERT INTO Action (GameID, MoveNumber, Move, time_stamp) VALUES (20, 17, 'Re1', '2025-02-03 17:15:10');
INSERT INTO Action (GameID, MoveNumber, Move, time_stamp) VALUES (20, 18, 'f4', '2025-02-03 20:05:07');
INSERT INTO Action (GameID, MoveNumber, Move, time_stamp) VALUES (20, 19, 'b3', '2024-10-26 09:47:49');
INSERT INTO Action (GameID, MoveNumber, Move, time_stamp) VALUES (20, 20, 'h3', '2024-11-13 13:59:53');
INSERT INTO Action (GameID, MoveNumber, Move, time_stamp) VALUES (20, 21, 'Re1', '2025-01-22 21:48:01');
INSERT INTO Action (GameID, MoveNumber, Move, time_stamp) VALUES (20, 22, 'O-O', '2024-07-05 02:20:05');
INSERT INTO Action (GameID, MoveNumber, Move, time_stamp) VALUES (20, 23, 'a3', '2024-09-04 18:11:16');
INSERT INTO Action (GameID, MoveNumber, Move, time_stamp) VALUES (20, 24, 'h3', '2024-05-21 02:18:39');
INSERT INTO Action (GameID, MoveNumber, Move, time_stamp) VALUES (20, 25, 'Qd2', '2025-01-24 03:12:47');
INSERT INTO Action (GameID, MoveNumber, Move, time_stamp) VALUES (20, 26, 'Qd2', '2024-09-04 22:40:55');
INSERT INTO Action (GameID, MoveNumber, Move, time_stamp) VALUES (20, 27, 'f4', '2024-05-20 06:49:42');
INSERT INTO Action (GameID, MoveNumber, Move, time_stamp) VALUES (20, 28, 'Qd2', '2024-04-11 18:36:29');
INSERT INTO Action (GameID, MoveNumber, Move, time_stamp) VALUES (20, 29, 'O-O', '2024-07-15 11:59:13');
INSERT INTO Action (GameID, MoveNumber, Move, time_stamp) VALUES (20, 30, 'b3', '2024-04-25 01:22:57');
INSERT INTO Action (GameID, MoveNumber, Move, time_stamp) VALUES (20, 31, 'Kf1', '2025-02-08 20:01:09');
INSERT INTO Action (GameID, MoveNumber, Move, time_stamp) VALUES (20, 32, 'g4', '2024-12-23 11:47:20');
INSERT INTO Action (GameID, MoveNumber, Move, time_stamp) VALUES (20, 33, 'Qf5+', '2024-06-18 05:44:38');
INSERT INTO Action (GameID, MoveNumber, Move, time_stamp) VALUES (20, 34, 'Rf3', '2024-04-02 23:21:07');
INSERT INTO Action (GameID, MoveNumber, Move, time_stamp) VALUES (20, 35, 'Kf1', '2025-02-25 14:27:43');
INSERT INTO Action (GameID, MoveNumber, Move, time_stamp) VALUES (20, 36, 'Rf3', '2024-04-22 23:09:22');
INSERT INTO Action (GameID, MoveNumber, Move, time_stamp) VALUES (20, 37, 'Kg2', '2024-11-22 01:26:15');
INSERT INTO Action (GameID, MoveNumber, Move, time_stamp) VALUES (20, 38, 'h4', '2024-03-22 21:56:05');
INSERT INTO Action (GameID, MoveNumber, Move, time_stamp) VALUES (20, 39, 'g4', '2024-04-29 02:48:23');
INSERT INTO Action (GameID, MoveNumber, Move, time_stamp) VALUES (20, 40, 'O-O-O', '2024-05-26 21:34:46');


INSERT INTO Achievements (AchievementID, name, requirement, description) VALUES (1, 'First Victory', 'Win 1 game', 'Awarded for winning your first game.');
INSERT INTO Achievements (AchievementID, name, requirement, description) VALUES (2, 'Five Wins Streak', 'Win 5 games in a row', 'Maintain a winning streak of 5 consecutive games.');
INSERT INTO Achievements (AchievementID, name, requirement, description) VALUES (3, 'Stalemate Expert', 'Draw 10 games', 'Master the art of survival by drawing 10 games.');
INSERT INTO Achievements (AchievementID, name, requirement, description) VALUES (4, 'Blitz King', 'Win a game in under 10 moves', 'Win a game in less than 10 moves. Speed demon!');
INSERT INTO Achievements (AchievementID, name, requirement, description) VALUES (5, 'Castling Master', 'Perform castling 50 times', 'Secure your king by castling 50 times in different games.');
INSERT INTO Achievements (AchievementID, name, requirement, description) VALUES (6, 'Undefeated Streak', 'Win 10 games in a row', 'Achieve an undefeated streak with 10 consecutive victories.');
INSERT INTO Achievements (AchievementID, name, requirement, description) VALUES (7, 'Marathon Player', 'Play 100 games', 'Show your endurance by playing 100 games.');
INSERT INTO Achievements (AchievementID, name, requirement, description) VALUES (8, 'Queen Slayer', 'Capture 50 opponent queens', 'Dominate your opponents by capturing 50 queens.');
INSERT INTO Achievements (AchievementID, name, requirement, description) VALUES (9, 'Pawn Promotion Expert', 'Promote 20 pawns', 'Promote 20 pawns to any piece.');
INSERT INTO Achievements (AchievementID, name, requirement, description) VALUES (10, 'Checkmate Under Pressure', 'Checkmate in under 1 minute', 'Deliver a checkmate under time pressure in less than a minute.');



INSERT INTO PlayerAchievement (PlayerID, AchievementID, achievement_datetime) VALUES (1, 8, '2024-12-22 16:30:15');
INSERT INTO PlayerAchievement (PlayerID, AchievementID, achievement_datetime) VALUES (1, 7, '2024-06-28 00:28:54');
INSERT INTO PlayerAchievement (PlayerID, AchievementID, achievement_datetime) VALUES (1, 6, '2024-10-21 19:09:59');
INSERT INTO PlayerAchievement (PlayerID, AchievementID, achievement_datetime) VALUES (1, 4, '2024-06-04 01:05:00');
INSERT INTO PlayerAchievement (PlayerID, AchievementID, achievement_datetime) VALUES (2, 4, '2025-01-25 10:36:15');
INSERT INTO PlayerAchievement (PlayerID, AchievementID, achievement_datetime) VALUES (3, 6, '2024-11-07 11:51:09');
INSERT INTO PlayerAchievement (PlayerID, AchievementID, achievement_datetime) VALUES (4, 1, '2024-08-19 10:57:55');
INSERT INTO PlayerAchievement (PlayerID, AchievementID, achievement_datetime) VALUES (4, 4, '2024-11-17 20:49:51');
INSERT INTO PlayerAchievement (PlayerID, AchievementID, achievement_datetime) VALUES (5, 1, '2024-05-27 17:10:38');
INSERT INTO PlayerAchievement (PlayerID, AchievementID, achievement_datetime) VALUES (5, 8, '2024-05-11 21:25:18');
INSERT INTO PlayerAchievement (PlayerID, AchievementID, achievement_datetime) VALUES (5, 10, '2024-04-12 23:33:44');
INSERT INTO PlayerAchievement (PlayerID, AchievementID, achievement_datetime) VALUES (6, 4, '2024-10-10 01:18:54');
INSERT INTO PlayerAchievement (PlayerID, AchievementID, achievement_datetime) VALUES (6, 2, '2024-09-28 21:31:14');
INSERT INTO PlayerAchievement (PlayerID, AchievementID, achievement_datetime) VALUES (6, 6, '2024-04-21 05:58:11');
INSERT INTO PlayerAchievement (PlayerID, AchievementID, achievement_datetime) VALUES (6, 3, '2025-02-06 02:22:53');
INSERT INTO PlayerAchievement (PlayerID, AchievementID, achievement_datetime) VALUES (6, 5, '2025-01-30 07:32:15');
INSERT INTO PlayerAchievement (PlayerID, AchievementID, achievement_datetime) VALUES (7, 8, '2024-09-24 18:02:45');
INSERT INTO PlayerAchievement (PlayerID, AchievementID, achievement_datetime) VALUES (7, 6, '2025-02-07 16:42:12');
INSERT INTO PlayerAchievement (PlayerID, AchievementID, achievement_datetime) VALUES (7, 5, '2024-06-09 09:06:19');
INSERT INTO PlayerAchievement (PlayerID, AchievementID, achievement_datetime) VALUES (7, 4, '2024-11-28 20:24:16');
INSERT INTO PlayerAchievement (PlayerID, AchievementID, achievement_datetime) VALUES (8, 8, '2024-06-21 16:27:54');
INSERT INTO PlayerAchievement (PlayerID, AchievementID, achievement_datetime) VALUES (9, 9, '2025-01-07 08:22:38');
INSERT INTO PlayerAchievement (PlayerID, AchievementID, achievement_datetime) VALUES (9, 6, '2025-01-28 17:51:07');
INSERT INTO PlayerAchievement (PlayerID, AchievementID, achievement_datetime) VALUES (9, 8, '2024-09-06 07:05:22');
INSERT INTO PlayerAchievement (PlayerID, AchievementID, achievement_datetime) VALUES (10, 4, '2024-04-08 19:19:05');
INSERT INTO PlayerAchievement (PlayerID, AchievementID, achievement_datetime) VALUES (10, 8, '2024-07-04 07:29:42');
INSERT INTO PlayerAchievement (PlayerID, AchievementID, achievement_datetime) VALUES (10, 3, '2024-07-23 18:48:26');
INSERT INTO PlayerAchievement (PlayerID, AchievementID, achievement_datetime) VALUES (10, 7, '2024-09-27 01:11:21');
INSERT INTO PlayerAchievement (PlayerID, AchievementID, achievement_datetime) VALUES (10, 6, '2025-02-06 06:34:37');
INSERT INTO PlayerAchievement (PlayerID, AchievementID, achievement_datetime) VALUES (11, 5, '2024-09-27 08:18:36');
INSERT INTO PlayerAchievement (PlayerID, AchievementID, achievement_datetime) VALUES (11, 8, '2024-05-19 22:22:01');
INSERT INTO PlayerAchievement (PlayerID, AchievementID, achievement_datetime) VALUES (11, 2, '2024-04-29 04:52:07');
INSERT INTO PlayerAchievement (PlayerID, AchievementID, achievement_datetime) VALUES (12, 7, '2025-02-19 20:04:22');
INSERT INTO PlayerAchievement (PlayerID, AchievementID, achievement_datetime) VALUES (12, 2, '2024-12-31 20:42:41');
INSERT INTO PlayerAchievement (PlayerID, AchievementID, achievement_datetime) VALUES (12, 5, '2024-04-25 10:19:58');
INSERT INTO PlayerAchievement (PlayerID, AchievementID, achievement_datetime) VALUES (12, 1, '2024-08-03 01:49:40');
INSERT INTO PlayerAchievement (PlayerID, AchievementID, achievement_datetime) VALUES (12, 4, '2024-05-12 08:13:17');
INSERT INTO PlayerAchievement (PlayerID, AchievementID, achievement_datetime) VALUES (13, 4, '2024-10-30 20:40:59');
INSERT INTO PlayerAchievement (PlayerID, AchievementID, achievement_datetime) VALUES (14, 8, '2024-12-06 08:19:22');
INSERT INTO PlayerAchievement (PlayerID, AchievementID, achievement_datetime) VALUES (15, 6, '2024-09-30 22:38:28');
INSERT INTO PlayerAchievement (PlayerID, AchievementID, achievement_datetime) VALUES (15, 3, '2025-03-06 09:39:36');
INSERT INTO PlayerAchievement (PlayerID, AchievementID, achievement_datetime) VALUES (15, 8, '2025-02-20 01:04:34');
INSERT INTO PlayerAchievement (PlayerID, AchievementID, achievement_datetime) VALUES (15, 1, '2024-04-23 08:03:20');
INSERT INTO PlayerAchievement (PlayerID, AchievementID, achievement_datetime) VALUES (16, 5, '2024-08-20 11:06:34');
INSERT INTO PlayerAchievement (PlayerID, AchievementID, achievement_datetime) VALUES (16, 8, '2024-05-18 16:47:57');
INSERT INTO PlayerAchievement (PlayerID, AchievementID, achievement_datetime) VALUES (17, 9, '2024-11-10 18:53:13');
INSERT INTO PlayerAchievement (PlayerID, AchievementID, achievement_datetime) VALUES (17, 7, '2024-11-05 07:43:34');
INSERT INTO PlayerAchievement (PlayerID, AchievementID, achievement_datetime) VALUES (17, 5, '2025-02-27 13:42:49');
INSERT INTO PlayerAchievement (PlayerID, AchievementID, achievement_datetime) VALUES (17, 4, '2024-11-08 14:15:43');
INSERT INTO PlayerAchievement (PlayerID, AchievementID, achievement_datetime) VALUES (17, 10, '2024-04-15 03:55:14');
INSERT INTO PlayerAchievement (PlayerID, AchievementID, achievement_datetime) VALUES (18, 8, '2025-02-12 10:02:39');
INSERT INTO PlayerAchievement (PlayerID, AchievementID, achievement_datetime) VALUES (18, 5, '2024-06-19 19:39:12');
INSERT INTO PlayerAchievement (PlayerID, AchievementID, achievement_datetime) VALUES (19, 2, '2024-06-05 21:26:47');
INSERT INTO PlayerAchievement (PlayerID, AchievementID, achievement_datetime) VALUES (19, 6, '2024-09-13 03:48:16');
INSERT INTO PlayerAchievement (PlayerID, AchievementID, achievement_datetime) VALUES (19, 7, '2024-08-31 12:07:02');
INSERT INTO PlayerAchievement (PlayerID, AchievementID, achievement_datetime) VALUES (20, 1, '2024-03-25 17:16:05');
INSERT INTO PlayerAchievement (PlayerID, AchievementID, achievement_datetime) VALUES (20, 3, '2024-12-17 21:41:26');
INSERT INTO PlayerAchievement (PlayerID, AchievementID, achievement_datetime) VALUES (20, 9, '2024-07-22 17:48:38');
INSERT INTO PlayerAchievement (PlayerID, AchievementID, achievement_datetime) VALUES (20, 10, '2024-05-18 18:06:37');
INSERT INTO PlayerAchievement (PlayerID, AchievementID, achievement_datetime) VALUES (20, 7, '2024-07-21 23:15:24');
