SessionID,Session_start,Session_end
1,2025-02-22 06:00:00,2025-02-22 22:00:00
2,2025-02-22 06:00:00,2025-02-22 22:00:00
3,2025-02-22 04:00:00,2025-02-22 20:00:00
4,2025-02-22 04:00:00,2025-02-22 20:00:00
5,2025-02-22 08:00:00,2025-02-23 00:00:00
6,2025-02-22 08:00:00,2025-02-23 00:00:00
7,2025-02-22 06:00:00,2025-02-22 22:00:00
8,2025-02-22 06:00:00,2025-02-22 22:00:00
9,2025-02-22 04:00:00,2025-02-22 20:00:00
10,2025-02-22 05:00:00,2025-02-22 21:00:00
11,2025-02-22 05:00:00,2025-02-22 21:00:00
12,2025-02-22 07:00:00,2025-02-22 23:00:00
13,2025-02-22 07:00:00,2025-02-22 23:00:00
14,2025-02-22 01:00:00,2025-02-22 17:00:00
15,2025-02-22 01:00:00,2025-02-22 17:00:00
16,2025-02-22 05:00:00,2025-02-22 21:00:00
17,2025-02-22 05:00:00,2025-02-22 21:00:00
18,2025-02-22 03:00:00,2025-02-22 19:00:00
19,2025-02-22 03:00:00,2025-02-22 19:00:00
20,2025-02-22 03:00:00,2025-02-22 19:00:00
21,2025-02-22 03:00:00,2025-02-22 19:00:00
22,2025-02-22 00:00:00,2025-02-22 16:00:00
23,2025-02-22 00:00:00,2025-02-22 16:00:00
24,2025-02-22 04:00:00,2025-02-22 20:00:00
25,2025-02-22 00:00:00,2025-02-22 16:00:00
26,2025-02-22 00:00:00,2025-02-22 16:00:00
27,2025-02-22 04:00:00,2025-02-22 20:00:00
28,2025-02-22 04:00:00,2025-02-22 20:00:00
29,2025-02-22 07:00:00,2025-02-22 23:00:00
30,2025-02-22 07:00:00,2025-02-22 23:00:00
31,2025-02-22 08:00:00,2025-02-23 00:00:00
32,2025-02-22 08:00:00,2025-02-23 00:00:00
33,2025-02-22 01:00:00,2025-02-22 17:00:00
34,2025-02-22 04:00:00,2025-02-22 20:00:00
35,2025-02-22 08:00:00,2025-02-23 00:00:00
36,2025-02-22 08:00:00,2025-02-23 00:00:00
37,2025-02-22 06:00:00,2025-02-22 22:00:00
38,2025-02-22 06:00:00,2025-02-22 22:00:00
39,2025-02-22 08:00:00,2025-02-23 00:00:00
40,2025-02-22 03:00:00,2025-02-22 19:00:00
41,2025-02-22 03:00:00,2025-02-22 19:00:00
42,2025-02-22 00:00:00,2025-02-22 16:00:00
43,2025-02-22 00:00:00,2025-02-22 16:00:00
44,2025-02-22 04:00:00,2025-02-22 20:00:00
45,2025-02-22 08:00:00,2025-02-23 00:00:00
46,2025-02-22 08:00:00,2025-02-23 00:00:00
47,2025-02-22 07:00:00,2025-02-22 23:00:00
48,2025-02-22 08:00:00,2025-02-23 00:00:00
49,2025-02-22 03:00:00,2025-02-22 19:00:00
50,2025-02-22 03:00:00,2025-02-22 19:00:00
51,2025-02-22 05:00:00,2025-02-22 21:00:00
52,2025-02-22 05:00:00,2025-02-22 21:00:00
53,2025-02-22 08:00:00,2025-02-23 00:00:00
54,2025-02-22 08:00:00,2025-02-23 00:00:00
55,2025-02-22 07:00:00,2025-02-22 23:00:00
56,2025-02-22 07:00:00,2025-02-22 23:00:00
57,2025-02-22 05:00:00,2025-02-22 21:00:00
58,2025-02-22 05:00:00,2025-02-22 21:00:00
59,2025-02-22 01:00:00,2025-02-22 17:00:00
60,2025-02-22 01:00:00,2025-02-22 17:00:00
61,2025-02-22 07:00:00,2025-02-22 23:00:00
62,2025-02-22 07:00:00,2025-02-22 23:00:00
63,2025-02-22 07:00:00,2025-02-22 23:00:00
64,2025-02-22 08:00:00,2025-02-23 00:00:00
65,2025-02-22 06:00:00,2025-02-22 22:00:00
66,2025-02-22 06:00:00,2025-02-22 22:00:00
67,2025-02-22 08:00:00,2025-02-23 00:00:00
68,2025-02-22 06:00:00,2025-02-22 22:00:00
69,2025-02-22 08:00:00,2025-02-23 00:00:00
70,2025-02-22 03:00:00,2025-02-22 19:00:00
71,2025-02-22 03:00:00,2025-02-22 19:00:00
72,2025-02-22 06:00:00,2025-02-22 22:00:00
73,2025-02-22 04:00:00,2025-02-22 20:00:00
74,2025-02-22 02:00:00,2025-02-22 18:00:00
75,2025-02-22 02:00:00,2025-02-22 18:00:00
76,2025-02-22 07:00:00,2025-02-22 23:00:00
77,2025-02-22 04:00:00,2025-02-22 20:00:00
78,2025-02-22 04:00:00,2025-02-22 20:00:00
79,2025-02-22 06:00:00,2025-02-22 22:00:00
80,2025-02-22 04:00:00,2025-02-22 20:00:00
81,2025-02-22 07:00:00,2025-02-22 23:00:00
82,2025-02-22 04:00:00,2025-02-22 20:00:00
83,2025-02-22 04:00:00,2025-02-22 20:00:00
84,2025-02-22 07:00:00,2025-02-22 23:00:00
85,2025-02-22 07:00:00,2025-02-22 23:00:00
86,2025-02-22 07:00:00,2025-02-22 23:00:00
87,2025-02-22 07:00:00,2025-02-22 23:00:00
88,2025-02-22 03:00:00,2025-02-22 19:00:00
89,2025-02-22 03:00:00,2025-02-22 19:00:00
90,2025-02-22 01:00:00,2025-02-22 17:00:00
91,2025-02-22 01:00:00,2025-02-22 17:00:00
92,2025-02-22 00:00:00,2025-02-22 16:00:00
93,2025-02-22 00:00:00,2025-02-22 16:00:00
94,2025-02-22 00:00:00,2025-02-22 16:00:00
95,2025-02-22 07:00:00,2025-02-22 23:00:00
96,2025-02-22 07:00:00,2025-02-22 23:00:00
97,2025-02-22 08:00:00,2025-02-23 00:00:00
98,2025-02-22 01:00:00,2025-02-22 17:00:00
99,2025-02-22 08:00:00,2025-02-23 00:00:00
100,2025-02-22 06:00:00,2025-02-22 22:00:00
101,2025-02-22 04:00:00,2025-02-22 20:00:00
102,2025-02-22 08:00:00,2025-02-23 00:00:00
103,2025-02-22 06:00:00,2025-02-22 22:00:00
104,2025-02-22 06:00:00,2025-02-22 22:00:00
105,2025-02-22 04:00:00,2025-02-22 20:00:00
106,2025-02-22 04:00:00,2025-02-22 20:00:00
107,2025-02-22 02:00:00,2025-02-22 18:00:00
108,2025-02-22 04:00:00,2025-02-22 20:00:00
109,2025-02-22 01:00:00,2025-02-22 17:00:00
110,2025-02-22 01:00:00,2025-02-22 17:00:00
111,2025-02-22 00:00:00,2025-02-22 16:00:00
112,2025-02-22 01:00:00,2025-02-22 17:00:00
113,2025-02-22 05:00:00,2025-02-22 21:00:00
114,2025-02-22 00:00:00,2025-02-22 16:00:00
115,2025-02-22 07:00:00,2025-02-22 23:00:00
116,2025-02-22 03:00:00,2025-02-22 19:00:00
117,2025-02-22 00:00:00,2025-02-22 16:00:00
118,2025-02-22 01:00:00,2025-02-22 17:00:00
119,2025-02-22 05:00:00,2025-02-22 21:00:00
120,2025-02-22 01:00:00,2025-02-22 17:00:00
121,2025-02-22 01:00:00,2025-02-22 17:00:00
122,2025-02-22 01:00:00,2025-02-22 17:00:00
123,2025-02-22 05:00:00,2025-02-22 21:00:00
124,2025-02-22 05:00:00,2025-02-22 21:00:00
125,2025-02-22 01:00:00,2025-02-22 17:00:00
126,2025-02-22 05:00:00,2025-02-22 21:00:00
127,2025-02-22 00:00:00,2025-02-22 16:00:00
128,2025-02-22 01:00:00,2025-02-22 17:00:00
129,2025-02-22 05:00:00,2025-02-22 21:00:00
130,2025-02-22 06:00:00,2025-02-22 22:00:00
131,2025-02-22 06:00:00,2025-02-22 22:00:00
132,2025-02-22 06:00:00,2025-02-22 22:00:00
133,2025-02-22 00:00:00,2025-02-22 16:00:00
134,2025-02-22 03:00:00,2025-02-22 19:00:00
135,2025-02-22 03:00:00,2025-02-22 19:00:00
136,2025-02-22 02:00:00,2025-02-22 18:00:00
137,2025-02-22 02:00:00,2025-02-22 18:00:00
138,2025-02-22 08:00:00,2025-02-23 00:00:00
139,2025-02-22 01:00:00,2025-02-22 17:00:00
140,2025-02-22 06:00:00,2025-02-22 22:00:00
141,2025-02-22 02:00:00,2025-02-22 18:00:00
142,2025-02-22 02:00:00,2025-02-22 18:00:00
143,2025-02-22 02:00:00,2025-02-22 18:00:00
144,2025-02-22 02:00:00,2025-02-22 18:00:00
145,2025-02-22 05:00:00,2025-02-22 21:00:00
146,2025-02-22 05:00:00,2025-02-22 21:00:00
147,2025-02-22 00:00:00,2025-02-22 16:00:00
148,2025-02-22 04:00:00,2025-02-22 20:00:00
149,2025-02-22 05:00:00,2025-02-22 21:00:00
150,2025-02-22 02:00:00,2025-02-22 18:00:00
151,2025-02-22 08:00:00,2025-02-23 00:00:00
152,2025-02-22 01:00:00,2025-02-22 17:00:00
153,2025-02-22 04:00:00,2025-02-22 20:00:00
154,2025-02-22 02:00:00,2025-02-22 18:00:00
155,2025-02-22 06:00:00,2025-02-22 22:00:00
156,2025-02-22 03:00:00,2025-02-22 19:00:00
157,2025-02-22 02:00:00,2025-02-22 18:00:00
158,2025-02-22 02:00:00,2025-02-22 18:00:00
159,2025-02-22 05:00:00,2025-02-22 21:00:00
160,2025-02-22 05:00:00,2025-02-22 21:00:00
161,2025-02-22 00:00:00,2025-02-22 16:00:00
162,2025-02-22 02:00:00,2025-02-22 18:00:00
163,2025-02-22 07:00:00,2025-02-22 23:00:00
164,2025-02-22 00:00:00,2025-02-22 16:00:00
165,2025-02-22 00:00:00,2025-02-22 16:00:00
166,2025-02-22 02:00:00,2025-02-22 18:00:00
167,2025-02-22 03:00:00,2025-02-22 19:00:00
168,2025-02-22 02:00:00,2025-02-22 18:00:00
169,2025-02-22 02:00:00,2025-02-22 18:00:00
170,2025-02-22 02:00:00,2025-02-22 18:00:00
